ID,target
ID_00OZLF7X,35.678242881029234
ID_00ZI0D98,47.472420952934584
ID_017GTLAU,39.65211391509581
ID_01IBM7T2,37.81835643619342
ID_01II27D4,61.09287428026115
ID_01PKRNEP,25.34377555534655
ID_021PCRSH,15.25879811126017
ID_0274H7B6,81.2525763447622
ID_02NFLBYH,37.72757563663333
ID_032LIJKT,26.589924782796935
ID_060OB5PM,70.06110830629092
ID_06EFLCQ1,46.67631850073603
ID_07J2NT68,125.55732419500883
ID_088T3GY1,50.01670680956145
ID_08NXTHXJ,14.32131679237446
ID_090R0SNF,51.72107362652843
ID_09A1DQJW,22.42401939935242
ID_09FIRKTW,30.712957874745484
ID_0AOBGKCB,46.40733142758959
ID_0BHWLJMC,52.63312622708649
ID_0BKHDOU6,15.897375758662086
ID_0BRD0DWL,61.52192692563104
ID_0CXBEOYH,65.81068555823009
ID_0DDOKYWN,26.296504542812862
ID_0DID31PG,61.407590304300896
ID_0DVRZUYC,29.36961126477908
ID_0DYLDE3Q,54.825564217747335
ID_0F7ZP73J,37.917736003987386
ID_0FZG7CWV,65.3267307752036
ID_0HINQVMM,31.429045475490206
ID_0IJNRWJR,32.87617531570456
ID_0IW22706,43.79344815469483
ID_0JHQ3U2E,64.46409609703909
ID_0KIGVVU0,21.094826947385066
ID_0L5UL5YJ,52.376205010784005
ID_0L6HQ584,75.37887016735638
ID_0LCIWI0O,26.337332098072647
ID_0LZPOHTV,38.352750484550114
ID_0MPIZRA0,44.484505469413925
ID_0N7MZ82Z,85.20095712622843
ID_0NDHXZAS,22.519980947808616
ID_0OEOAZQJ,31.30315840371236
ID_0OH8M4JT,50.6438472676504
ID_0PICZ2AV,21.748687704597558
ID_0POKO7OA,57.43554642681382
ID_0Q0GVMPC,68.33758345877887
ID_0QAS386Z,94.8228209582363
ID_0QIU3FIN,20.434373659736288
ID_0R3FFO14,68.23655902914805
ID_0RH04S3M,89.32401661868488
ID_0RWN9W4Q,39.381912591185674
ID_0S1SYRI0,16.68007289714012
ID_0SVFS3L9,76.17329800305521
ID_0TS7MEFX,146.99056866733548
ID_0TV9WM4F,8.40523616982459
ID_0URP8GWZ,31.807345258613214
ID_0V4D047Y,41.25533043346818
ID_0VM725EW,44.282014605371145
ID_0W94NHE6,33.82233025081135
ID_0XC7SYMF,69.09759931892094
ID_0XH4D131,24.76036701205368
ID_0XJ66H25,28.348481942622072
ID_0XMSMERR,30.547756590584726
ID_0ZB36MQR,39.52199005680259
ID_0ZRPQYMV,126.8841462577417
ID_10USGSEO,34.19031517959181
ID_11X1NG30,148.7455587601254
ID_12EILPSV,90.60448860712597
ID_12FJKZHG,82.18443452768828
ID_12XUBBWW,45.65849050588008
ID_131FHSQ0,47.886340350485185
ID_14XMEN92,32.336137113339035
ID_156H7JSD,78.77807240408256
ID_15827AVR,74.43041845165976
ID_15TPMDO9,41.28062338544578
ID_1668QBSW,52.37193684717151
ID_16UVG1Z9,14.586470160631691
ID_17EXI4YM,51.28972739348865
ID_17FNTZTY,67.09763247566565
ID_18O9WELI,27.099028529609463
ID_18U5BGEZ,69.93116863810997
ID_1987YL70,45.22144893360158
ID_198CU36T,60.666588369149856
ID_19JG8ICR,32.66769666050875
ID_19UBEPIC,29.79874741887689
ID_1AB5T959,87.80652404536512
ID_1AD9JM3Y,35.31926122482763
ID_1AK81OSF,72.10097986344441
ID_1AYOTNUY,52.45982694446461
ID_1BN7L9QX,38.809628250769784
ID_1CRH5CEY,35.846210329870345
ID_1CW3IXGF,41.42881318533374
ID_1CZCT9U1,181.61465422529855
ID_1D6U2XR8,26.41281713397772
ID_1EN1RO3B,54.57535513353257
ID_1EP9HZWU,33.750596078083234
ID_1ESMNUM1,30.651556746608524
ID_1F3O76JJ,43.65254453622525
ID_1FF78I9N,107.82284290950497
ID_1FQIN0T9,95.17347080016803
ID_1FUT6DN0,41.220574588637035
ID_1G5AJMJG,33.7765969845599
ID_1GFELIRD,17.915502660653104
ID_1GMS3HIH,61.456008218084975
ID_1GZTVBBZ,43.5460561000022
ID_1HM6XJ58,72.90537731117607
ID_1HOZVUYP,42.35553357558578
ID_1HSUXAKD,25.517725322352945
ID_1I65DQ7R,67.31239159763923
ID_1J7O4OZ3,39.829294346736674
ID_1JD943CR,38.51300803202599
ID_1JVANV9U,43.6473602967422
ID_1K0R5BOQ,38.70855030373967
ID_1KXNCOOV,27.18891535202187
ID_1L5GVQCE,20.97856571164592
ID_1LI5FSUE,23.588050543386675
ID_1LZ1FBOL,34.66492422714336
ID_1MMF5HQC,17.55425941551372
ID_1MORYDEC,77.62736035919119
ID_1NSQKFBQ,47.19729111941187
ID_1O2V9C82,45.516296164917506
ID_1ODVG3E7,123.15301219929869
ID_1OIUK6LV,52.33562004728416
ID_1OP57M5V,53.820662645240866
ID_1OW95GJ8,33.39830239467011
ID_1P76QYZV,70.68245308258692
ID_1PPM8GMD,55.722917073497115
ID_1Q8W17CB,82.76974736432558
ID_1RBW5QKY,43.06386983381856
ID_1S4NHOCM,44.65006706999742
ID_1SYYB53N,87.62971309416082
ID_1TI3JM0U,35.77699866139683
ID_1U0UYLL2,27.49375665078983
ID_1U21YQHQ,28.682297618407976
ID_1U4M52U3,37.19201614182317
ID_1UGC0XY5,93.36588742614205
ID_1V5R2N5D,26.76420704901552
ID_1VDNLN58,69.12515646790177
ID_1VJKHNM4,48.266083077795436
ID_1WINHQCE,21.708199164642785
ID_1WWV1FV6,125.62357570049205
ID_1WYS2CEF,36.6630032014986
ID_1Y2HT3AS,45.18693656422681
ID_1Y9FGCOE,16.57750903166807
ID_1Z2UOP0O,38.909003822796606
ID_1ZIA13O9,40.078027860510886
ID_1ZRUJMAK,22.85498179699616
ID_1ZX6NO3G,88.59220283452999
ID_20WZZNYS,93.59344741329726
ID_21EU12UJ,25.525605056029008
ID_21MQ12EC,40.54306455264687
ID_21UATTBP,71.15631985699905
ID_22855M69,11.434003648379957
ID_22A0QTRP,60.866493264087204
ID_22F4V7BU,28.64825122130113
ID_22IYQ8BW,23.99473816201845
ID_22TZEPIP,53.07289479620405
ID_22X2GYPE,110.95692482781652
ID_241HVT51,56.17012755210944
ID_25H4PDTL,90.18049194877474
ID_26VWTZMD,75.87908904477152
ID_28EXN6DZ,38.86427909727925
ID_28HEX94L,13.15127898497849
ID_28HSL4RG,44.83350282992407
ID_293WO9SH,62.689987344048006
ID_29SO8WDO,29.91493574401843
ID_2AJQEBY3,31.514379066119634
ID_2AQ8EERD,165.77595718326398
ID_2AX8YXJK,25.340834766303388
ID_2B4BBU7N,44.57963013177962
ID_2BPL1592,53.89572444679254
ID_2BRQEZ1J,85.83932455390081
ID_2C2TSCJL,40.80657807469157
ID_2CCGJJJU,76.59992647623174
ID_2CFDAS44,79.90460960254913
ID_2D95KLRM,44.98092828238754
ID_2DGMY5YC,32.26328627806936
ID_2DK6JLG4,17.644476834798226
ID_2EBGG9YF,44.00777281941448
ID_2FIEWK17,44.243353263461316
ID_2FRI4B0D,50.06797071969825
ID_2G0756NB,83.26373423821704
ID_2G9H886I,25.258224998983795
ID_2GF4OEG3,34.64750713959897
ID_2H18YV46,58.94156474354726
ID_2H4RMBBH,57.44288204913853
ID_2I0R4WK2,60.599600696853386
ID_2I9JEV0X,40.570937530357256
ID_2IP85HYG,30.75300494009502
ID_2ITXVA1G,113.63472447564709
ID_2IVQL5JX,90.73643992680175
ID_2J3HV98Q,101.6670219607924
ID_2JBSRNGC,72.24469751609425
ID_2JBY8M0F,68.15692033269534
ID_2JOTIEMP,31.53115297889456
ID_2JP1GXBY,74.12285814101341
ID_2JPUD29O,105.49486270465115
ID_2KGE6ZMP,32.69463026326359
ID_2KJBEMN0,22.924269445367134
ID_2KK0LWT4,32.36429284707704
ID_2KMYQAD4,88.95908727905595
ID_2L0OWV04,41.001018312523016
ID_2L6KO405,58.04438242435154
ID_2LE0NSUI,40.12327106933431
ID_2M67IGXG,30.319727551879307
ID_2MBQR2JD,29.941061172678157
ID_2N4Z4SIY,61.36827092968516
ID_2NJIFQPN,33.96416536394382
ID_2NPL6S4J,31.028039072337815
ID_2NY9VKW7,52.258754891133485
ID_2OCZY3SH,10.845866405043367
ID_2OMRGIFP,39.481203359037984
ID_2Q17SSBJ,25.95335349596857
ID_2QCH70VA,31.506356616188558
ID_2QHBLCJE,34.02328639266592
ID_2QSDHZHZ,41.2449193661335
ID_2RE6VIAY,36.45067904678679
ID_2RN35O53,34.69017734062669
ID_2S5VA8YH,41.44990971023128
ID_2S6WH4VA,41.84754336855529
ID_2SI4WFXB,34.81939925271049
ID_2T3R0R48,30.11104355624136
ID_2TUO570Q,62.396223446290804
ID_2UR7S4KB,26.123159895576233
ID_2UW9TA5Z,28.503092288172287
ID_2V4YU2ET,98.2875573475057
ID_2V7WYFE9,77.07836407605791
ID_2VHGL4S5,22.363298925632446
ID_2W3S3GVC,53.032590270508
ID_2WA5FJXW,48.35908896643321
ID_2WYF50VY,38.33907623086248
ID_2X1T1JQ2,72.95357863373759
ID_2X8T3F4R,54.13724183375983
ID_2XHUQ58H,23.983368361465857
ID_2XJG20RI,75.7485226826772
ID_2XSXCJDK,78.76890829294902
ID_2YMSSE01,7.956468121121098
ID_2Z59RPCF,33.067144889318115
ID_308ZCH01,48.256462726223326
ID_30BS33WH,66.7617523983092
ID_30DMXPRZ,19.384399370145267
ID_30JLQ06J,40.236625144271414
ID_30SBLVDV,126.53898415392314
ID_31FMESAU,114.08932701430139
ID_3244CQNF,79.25504570559043
ID_3397UL3O,16.87488846822812
ID_33LSGTRB,40.63201985921689
ID_33Y8FNCW,105.56447987650046
ID_34OANOVX,38.391585988030265
ID_34VIEM4P,33.686165123225734
ID_34Z8AUGG,13.34203438612338
ID_355NGMHT,48.84581215443073
ID_358KR0O4,64.59859688179536
ID_35V3GLM5,36.49567240817987
ID_35YXIPGS,30.570027707629695
ID_36PYJBWW,42.49546059374428
ID_36Q7RQ62,30.27141317077237
ID_37QXHNOS,34.585566389274874
ID_384IBFLU,113.86993673029271
ID_39DXMEP4,33.56073273854847
ID_39JYV7SW,42.468019576874426
ID_39XUHF5R,82.21932855705874
ID_3AWQXLOF,75.04657103079424
ID_3BU585EK,13.644647147980578
ID_3DDWVNWE,41.73693140301591
ID_3DFZ85PO,25.66841288443317
ID_3DUEV7MP,80.45568678801982
ID_3EIF1A67,33.15513373095964
ID_3FJRET8I,32.43730800312785
ID_3G8A0JPJ,73.86527497558326
ID_3GOSYJNY,45.7671498408602
ID_3H9TCBLL,75.44890001604
ID_3JT27AAZ,54.145690338285505
ID_3KA51JAZ,91.64013984583968
ID_3KHN1KF9,27.414375447532876
ID_3KYFY813,33.743227814835244
ID_3M35FRP4,60.529895100499914
ID_3M7E7KCT,36.21187926643397
ID_3M9IGJMX,110.93266133052944
ID_3MELPATD,103.33031739934353
ID_3MTYY9V8,53.83671537434831
ID_3PHZ2Q60,73.56151091672528
ID_3QSI85ZT,35.93532542800122
ID_3QZWSC2F,48.40073992387344
ID_3RDUN4G0,26.629594156415195
ID_3SA8MMWR,53.640062776102695
ID_3SD0IL0T,73.29026016343323
ID_3SDR4BYO,93.44238394213617
ID_3SOGHXRA,34.0490758662317
ID_3T8U3HZ3,124.6542428928582
ID_3TD7W2H9,38.78294740458816
ID_3TF9SDQE,36.11345510722697
ID_3UH8XVG7,114.11882050523673
ID_3UMZYEY5,16.02128425515479
ID_3WIF9T63,91.46032568977597
ID_3X5MK0AB,19.75701378021818
ID_3XGRDZ12,46.81676401401509
ID_3XPS437H,96.71543009394406
ID_3XTMZKMR,26.003906033383835
ID_3YM699SL,123.75529658937984
ID_3Z449WKS,84.46019668979996
ID_3ZJCQY95,30.844391120148845
ID_3ZRHXGGQ,30.73425760972576
ID_3ZYFJCRS,37.37559883074966
ID_40KE3QNQ,12.631743914830764
ID_40NVUXLN,13.314853808822733
ID_41DS3AHF,79.97691726040605
ID_41FEHYDD,51.130187592768294
ID_42DOVUA0,39.805989934568274
ID_42F9X5HR,83.32874242230906
ID_434XCEX8,19.313638572248166
ID_440HD3FF,38.356754646195505
ID_44L6TJ5D,19.19889060480532
ID_455UDMYF,86.42856729668141
ID_45C5OX5B,87.991192941024
ID_45HE6HT1,44.945242505155505
ID_45O7C5QA,64.78447854931748
ID_4630L9TB,41.246137654196964
ID_4653O2U0,141.3215038150621
ID_477ZERKY,75.5669673325204
ID_47WJUHMF,72.82258949285281
ID_489FB2X8,51.32800630433629
ID_48GV1ZXC,34.66880492349008
ID_490IIXDG,31.46801853637999
ID_49Q3NGWH,68.27495564179449
ID_49UH8X66,15.639548209908838
ID_4A1P54Y2,37.77562110453804
ID_4AYH7JWC,124.30198267050072
ID_4BQOB2DS,31.912990263510462
ID_4C10BMQB,26.631396009277843
ID_4CVU44EG,20.045222537127472
ID_4DGFEQXC,42.79268157329736
ID_4DO5D454,131.04876877414574
ID_4DQJTWOJ,34.57061928710711
ID_4ECTK7A9,29.606503876355465
ID_4EJHOWI4,60.279270759237974
ID_4ELAOQLS,23.767394498984082
ID_4F04YEKE,66.18672881601046
ID_4F4FAJ9N,69.78218346835139
ID_4GH72NIN,38.03682923693373
ID_4H2HMSOO,64.76712051233356
ID_4I2Z24XV,32.03969263780402
ID_4IJRDQ8K,37.81007131302965
ID_4IT82JJU,22.387161240486268
ID_4IYK0UMZ,62.335583776196664
ID_4J6BXIZV,78.48100573093062
ID_4JGS98PL,15.379879101829225
ID_4K5ZD1NP,32.542780794367225
ID_4KFUVRF3,123.85236770043025
ID_4KSH57NB,53.99283739833624
ID_4LUSXK0I,35.27942505325955
ID_4LZ15HIW,62.774217016568706
ID_4MCZZMQF,49.3942512115402
ID_4MFEGSBQ,43.30740345344537
ID_4NSA4VJY,34.77997794512093
ID_4OCPO0HQ,33.15230591312844
ID_4OMTG07M,26.01760887883711
ID_4OS9WVF8,59.12863170424417
ID_4QCKU9RT,64.5966805948736
ID_4R3KN2LJ,26.777413790367817
ID_4RSBY27D,12.914441562792803
ID_4S8DBR32,32.84656994632816
ID_4SUYI847,32.50369060354509
ID_4T3IYORE,98.70782741416224
ID_4TCWGEE0,36.34032531896155
ID_4TTJ0K25,30.478467070286122
ID_4UC2JGOB,40.38690733042792
ID_4V42UD68,32.299694000631426
ID_4VIH2PPZ,47.32488615393453
ID_4VNKSU6Y,82.97384468777307
ID_4VXEG44D,104.33715891214078
ID_4WTUYM5O,55.07408499371217
ID_4X7NHPPR,67.20776538606194
ID_4X8LPU71,19.778630074807396
ID_4XDDT7QD,37.865612644481345
ID_4XQN8YIC,17.436657992389343
ID_4YVP1ETV,55.67571665652059
ID_4YZG3B8N,82.02922563210494
ID_4ZHISJPJ,46.85963102309911
ID_4ZT39VDM,46.69424782251431
ID_4ZZCLWM8,145.11660006403275
ID_510A6NIP,106.90368861715602
ID_51E7QI1F,29.96513330706743
ID_529DNAN1,37.62315361996273
ID_529GJO39,45.950723537121505
ID_52PL01BQ,99.3239801315776
ID_530RIOWP,22.0650799980866
ID_5356ITRG,45.5435901010347
ID_537JNUT2,118.15444155979108
ID_552N725O,42.47592204820087
ID_56BHLJ5J,38.02907246510299
ID_56UXT2QZ,33.72071714740761
ID_574BO8RH,52.16521635252625
ID_57CDAEBV,42.082078884305176
ID_57FFX610,144.3645904706802
ID_57XX1S09,56.66943278151974
ID_58OI8O3U,120.47381250506668
ID_598JAECU,69.02035337274594
ID_59AK1RUT,153.63673277288183
ID_59PN6C6V,17.442976058024122
ID_5AHXPG2D,21.5012811974589
ID_5B9LV1Z5,115.19784642470275
ID_5BFSE1V0,19.674556899812984
ID_5BYSD9YC,43.25725862144697
ID_5CP9DK4F,45.50823869409848
ID_5CQ42K5J,82.98131610710098
ID_5CZI4CG5,126.72219729372055
ID_5EVAPBR5,24.15111946861236
ID_5F6X52WM,29.99399388891991
ID_5FZ62LPU,33.68930912869399
ID_5G99K61B,80.34295407665621
ID_5GK630Y9,53.96854285257598
ID_5HDGX1LS,35.830131061211674
ID_5HSWKB40,62.91278571168284
ID_5I3TK3Y8,46.366862174454624
ID_5IEJ8CW4,19.63346166883815
ID_5ILOA0CI,41.65580344059324
ID_5IQAEQYT,48.816577719957515
ID_5IQH17QC,26.306533568499056
ID_5ITNCWUQ,24.908643929018034
ID_5K4OADR0,28.302058409606303
ID_5K4W4QIM,48.59155233870655
ID_5KBG7IAH,11.466289184501733
ID_5KLXFEAG,21.336869679662872
ID_5KOGEUVP,13.101502973484223
ID_5LKT6EUR,28.622899568393905
ID_5M8VJU4D,59.858788339710024
ID_5MS1IX99,24.295497274335506
ID_5NNMKSUY,51.76580797436661
ID_5OEO17JF,37.323611156642656
ID_5OXPI8KY,60.709248174533876
ID_5P7P69CM,46.26868113701857
ID_5P99EC1K,95.93545954003025
ID_5PFZHUO1,13.600065191736881
ID_5QM93B6N,56.20257094654239
ID_5QY4C1U6,37.1870313938829
ID_5RJ2HJGL,36.35379350408374
ID_5SOKIM2F,23.020954374991877
ID_5SUBHAWO,22.136084887813414
ID_5SV7J7QU,143.7648762031088
ID_5SXJTX3A,60.28116454613546
ID_5TFAJIUE,40.53858928317315
ID_5TW534AJ,29.1298578810673
ID_5UPK756S,29.2359958648359
ID_5UZSQSV6,85.02495358765472
ID_5V6L01HO,29.717113274688298
ID_5VF8CXOY,29.808960161504995
ID_5VOVBK7F,17.782048196359632
ID_5WAMH3NR,67.75130465058704
ID_5WR6W455,24.45960377735779
ID_5XM9WVFA,36.4510420057248
ID_5YEYH8ZP,41.85395205175345
ID_5YPRX0TJ,39.1225771137121
ID_5ZL2XCEI,34.049924263826625
ID_5ZVD0RSM,69.00081812855862
ID_60QTOZGE,29.664338414023067
ID_60RSR86V,46.55107341686327
ID_6175TYV5,26.094603044088004
ID_633EJPUE,103.02233937937186
ID_6393H96W,46.715141852824594
ID_63S90YVY,34.27460173718904
ID_64FYZQ3M,108.99879131381616
ID_66GVFV9T,40.12863377099426
ID_67OZVGTH,93.6823113411971
ID_67QHVOKN,34.238423283351736
ID_68K2RBS0,27.975107889242956
ID_68YEYXX5,143.287195452072
ID_69K6RDQ3,41.06517768138539
ID_6A3B1Z1X,57.051908372383025
ID_6A5CZCC1,54.48725512041476
ID_6ADH3FIB,85.90427959218903
ID_6AQR1SKR,33.27178229785666
ID_6ASVTMDV,29.955709921235957
ID_6AYEMUJ1,77.21506598171564
ID_6B5385DK,95.62454501808455
ID_6BDGZFYK,50.057312746434064
ID_6D09ZX0Z,50.60399068925364
ID_6DAMDMKY,45.465769660991896
ID_6E6I7PL2,52.90645472744553
ID_6E8K15WE,56.683742357998035
ID_6EG63EZA,45.76833969846549
ID_6EH22572,76.6259195337818
ID_6ES6O65U,37.76323562660135
ID_6EW8QURF,14.112720968115589
ID_6H549JDD,34.19983447948886
ID_6I39EPJG,16.10517468102647
ID_6I3AD1MI,56.33655860129666
ID_6IP3610D,23.57003620863488
ID_6IR5WXFK,27.996633432079026
ID_6IT79OAE,31.074995823748317
ID_6J3TMOH1,16.460110604058116
ID_6K3PEW5U,21.36832959085981
ID_6KAVSF6M,27.75853262155364
ID_6KC53QO8,59.666974429243275
ID_6KFMDAIK,128.72022282208047
ID_6LHD2SCH,45.46572229778711
ID_6LNSUEI5,29.627250231670953
ID_6M7C7SLD,67.13962870619092
ID_6MJPBA95,68.93708893072312
ID_6MV6TQFD,58.787018859269224
ID_6N8HGEA7,37.873455253284845
ID_6NPURJPD,156.08699850487676
ID_6NQ5UN1G,56.4506358132711
ID_6OP1B4AA,36.71690609691474
ID_6P2D5WUU,82.15135052890778
ID_6PPBFHBN,52.189878992876025
ID_6PQVISX4,108.72080857955359
ID_6R9Y3UV6,13.18131476825377
ID_6RDSYBHA,52.404436601892755
ID_6RKRJY8B,90.87484634744418
ID_6RX5TZEO,94.4578315579835
ID_6SC8ZXD1,25.87058865308788
ID_6SLMVOSC,47.29264820139173
ID_6T1BHYWO,33.46304614738557
ID_6T1IHJW6,128.1098259906405
ID_6T49DSCX,26.27874712223496
ID_6TH5KZ1A,101.18461540882575
ID_6UDY14FE,35.45883059703523
ID_6UTPSWJP,64.15312484372687
ID_6UU3S3RF,268.49127745210217
ID_6UWWELJJ,31.07424181070231
ID_6UZHWJAV,27.543534850318636
ID_6VCXOURO,25.331908751848765
ID_6VGNFEFP,38.96450943146974
ID_6VJM0NAO,27.362909899168425
ID_6WRAL1Q8,30.925027697599873
ID_6X9K7E81,48.85487750970793
ID_6XQNVMCK,29.125991429041946
ID_6XTF9OBK,32.21765790801432
ID_6XZDATCA,215.19548307680097
ID_6YK3LMKT,26.596665358242333
ID_6ZA3A3JU,40.89956734747787
ID_6ZBVHG3K,30.815036411621325
ID_6ZL73R15,36.33113423474762
ID_70CV9ED3,49.187256501201226
ID_71GJ6AKR,48.52291652786789
ID_71WC397G,42.021950200579475
ID_71YRQNFI,31.56226227415423
ID_72H1Z13H,121.73990381191406
ID_74BCRYCM,39.35330181203396
ID_752HZAHY,33.165641504220154
ID_756ID0UT,31.248748810952435
ID_758HJ73O,24.000562634050073
ID_75ZMHS4O,16.290997270070292
ID_77AR0A0Z,21.501875670704674
ID_78GWOH69,36.68762679399995
ID_78UV9T7F,246.00518411327698
ID_78W4ND75,42.400069702437435
ID_796TAXGE,68.62893062781347
ID_79QNTYQU,58.93245898764781
ID_79Z1YMDK,37.79102012110623
ID_7AWNX35B,39.184116477446146
ID_7BPQGTS5,54.71317935333313
ID_7BPSH83C,93.71870192587681
ID_7BXHW69B,84.32986118549692
ID_7C4HMK3B,20.955870218277937
ID_7CBNSTI3,53.21092989479813
ID_7CNIS8HW,48.67534683013031
ID_7DKHDU40,36.14969733486697
ID_7DRE9OJ8,64.41132547115664
ID_7EK4LZEM,54.27854998365253
ID_7EYFX6RT,63.75761808368705
ID_7FASZWP9,46.97950693628904
ID_7FSQMVI5,154.3426350112489
ID_7GBOXWT7,39.54961687121069
ID_7GFV00GB,72.0922522197441
ID_7GRUTKIJ,39.87077763182287
ID_7HZQWXZI,12.185578328123846
ID_7IDV0CMC,46.20497840381901
ID_7IU21M60,19.87004522864546
ID_7J3C5APA,9.204434136933038
ID_7JL3KQ0V,72.30649274545934
ID_7JN9K42C,31.246482311593482
ID_7KLBB6IL,64.40028566015133
ID_7LMU3MF7,39.8604360671987
ID_7LZN1OE3,55.52607279000369
ID_7MEKC84R,71.61498690800605
ID_7O75C493,17.22222517983385
ID_7P7E82WO,96.06022467798867
ID_7P8BW7D1,152.94559447840504
ID_7RC7VFIX,55.19745483446469
ID_7SIQJWX7,57.27569402004032
ID_7UMUOLKM,7.493703201257176
ID_7UNCH7IH,25.856257129716187
ID_7V38ML27,76.17703312349998
ID_7VCMIEEA,80.4910835851766
ID_7VQL5NEY,67.98173595488885
ID_7W5MQCZQ,74.10185208552389
ID_7W5ROULD,91.5681826661926
ID_7X24FWT2,73.58406599596084
ID_7XJR8V5H,117.79381067116586
ID_7ZDM5Y7L,36.802068499200615
ID_7ZE1QQ8M,25.989289176471623
ID_7ZI2DP2G,64.996878463712
ID_7ZNS057N,62.93742557522611
ID_7ZZEPTWN,43.303643398564105
ID_80PE1V8K,64.57795177581642
ID_80QBAO9G,37.486870553225806
ID_80UVYUAG,44.30650297504852
ID_80XJS78B,110.8963308660351
ID_8186MKOP,41.79748868134751
ID_81F9439R,45.932206710259
ID_81WNHQZV,152.06673102806965
ID_86CYG4ST,28.358465628118207
ID_86VROQ4O,28.174058841508717
ID_86VWHAWL,43.766264500278794
ID_87FV6JOA,66.92820098662042
ID_8804P92M,48.82196349769586
ID_88ZCMBJN,133.61895146374258
ID_8AC3BT6J,44.70024707721236
ID_8AKAD0S7,59.60975759173771
ID_8ANW5D1B,31.30185512374296
ID_8AXM87PI,23.097372158826758
ID_8BDKOKQ1,48.46912956070133
ID_8C8PUSQ6,38.431124713295404
ID_8CDUMYKK,67.26158530275646
ID_8D18DIWL,66.91092553349552
ID_8D46CWAL,155.06561862010804
ID_8D5O7GPV,26.112191060985946
ID_8DBFEEPU,20.120400878498806
ID_8DGWD8B3,29.30108716817069
ID_8DQJ63Q8,103.39326416476578
ID_8E2F6LYD,67.2142622730273
ID_8E6Z6LBQ,58.99520612198609
ID_8G2MTZA0,98.66764649547738
ID_8GJ5V035,25.516647115695093
ID_8HS5TNNQ,83.9984331949007
ID_8HSAU8HH,31.31859538108247
ID_8ID54OFW,54.15709070554983
ID_8IUTLOEO,45.5610535937205
ID_8JQXQVCA,15.993196886759549
ID_8K0D5YCX,124.2949969616505
ID_8K2IXS0R,41.824497166803184
ID_8KCIWIU7,71.93903446554961
ID_8KKGEHZW,87.2891946605933
ID_8KPYZO1X,29.224827023090747
ID_8KUUBFNL,29.624970050600137
ID_8KZOLEEL,28.048085039496442
ID_8MA7F0L5,21.803216047317886
ID_8MLUEWTS,31.32259470461088
ID_8MMPKOKC,53.128745443708965
ID_8N1CC8OB,4.201333094128074
ID_8NBGYK8C,27.704343436817595
ID_8O8O8MDK,35.30873843189147
ID_8OCCE1H6,89.74764326048236
ID_8PSM2Z66,21.784477559205158
ID_8RVH2F30,34.79381317084541
ID_8SXQBPKC,30.898366755244115
ID_8TMRPQA9,58.60450631082842
ID_8U1BKM0S,67.43763290293138
ID_8URYOXBP,28.924714205337455
ID_8UVA2J1L,42.59881026568635
ID_8VE67PZL,67.24789891533761
ID_8VMT8KM2,30.571435522901297
ID_8W25LBZR,57.909137387883945
ID_8WV75U9W,118.13511682569482
ID_8WXWY0J7,33.151104132503285
ID_8XMEHM5U,27.634198629901647
ID_8Z8A2HWI,24.51144416342985
ID_8ZGH06PN,16.28893969601745
ID_91X7ZMRL,93.35875331400476
ID_92YJ0M75,51.02442445181406
ID_930WZ4DS,34.33796343282303
ID_93A3JF3Z,26.34511139455172
ID_93G00NDF,36.49995802546931
ID_93GDMHSP,83.66998729170628
ID_943FXHXK,41.490348126585594
ID_958QN3A5,43.08077616135258
ID_95NFWN7M,58.504682422355074
ID_966U3YQ9,21.528696289831295
ID_969IHOWA,20.30951836852035
ID_972W6HDI,33.15406526859625
ID_97IPWB23,43.74032244903036
ID_97M8JWKO,24.117850751100423
ID_983HG20M,109.01174920250773
ID_988D805Z,18.950582855938556
ID_98K1AC7Q,75.3410461939642
ID_99D9BXFY,29.20107900886247
ID_9AY3WR11,35.96014392022519
ID_9B3P3M7N,21.523948454391018
ID_9B5YZC19,55.88363334125665
ID_9C681D93,46.51187640529946
ID_9C9OESHO,121.89141083877352
ID_9CJTNE9A,40.89125458869019
ID_9D3OPYIB,91.68136717760787
ID_9DSX36AE,24.785275004147984
ID_9EEGWJ9S,40.06961762037606
ID_9F34EYLC,131.14595493036848
ID_9FD1MOCL,15.241044144038021
ID_9FEDEAQ3,37.80804820167646
ID_9H4O06JF,60.59337406281554
ID_9IDXFO1P,26.538412150682813
ID_9IMAN9U7,70.14358291632036
ID_9J12CH1W,48.19417594460059
ID_9JKFYWYP,32.9124555068016
ID_9JNHGHBL,80.26738608906227
ID_9K5H4FND,35.18054096148394
ID_9KAD41AA,35.497913657537666
ID_9KG85A98,45.60288585640703
ID_9L3X3VD3,25.662465690908338
ID_9LMWIL2R,55.51770188595924
ID_9LZR6JIJ,56.99757912278473
ID_9N7TBZCZ,26.17838236084898
ID_9NWONPTC,15.439634304920219
ID_9O7TKH3S,23.32647903736962
ID_9OXLC0FR,70.86233243583273
ID_9P0YNTT8,81.51117821449489
ID_9PLQ0JTR,48.608332083170126
ID_9Q2QJVJV,20.373336073800054
ID_9QF714VE,114.9085023374507
ID_9RA5N5L6,37.02228738892896
ID_9REMC6IE,13.238916128677403
ID_9RI4EYJQ,10.854285258603248
ID_9RI8RU92,87.95386437605936
ID_9RMI4VEW,45.353669123170796
ID_9SLFVA7Y,21.227525904191182
ID_9T2ACJCH,211.87932820636533
ID_9T4JF3C4,29.027979094131283
ID_9UM1VWYJ,90.76938215077
ID_9UO3Z8J7,105.28250913004007
ID_9V68YQ5B,89.41333193950555
ID_9VQTJDAZ,35.750681911430064
ID_9VXW3N0I,29.334676906070445
ID_9W8ESKIL,62.472528392759834
ID_9W9CO2R4,60.44883966314816
ID_9WXSTTJH,43.75571790285324
ID_9X7KZSP0,22.103425959525925
ID_9XF5SCXG,37.010102033363395
ID_9XGIBZKO,23.209941991094166
ID_9YJUCTJF,45.337090253504925
ID_9YW588G2,37.80297085255419
ID_9YXUAGPE,49.18136942117395
ID_9ZNBFEYT,24.67559170369222
ID_9ZQXE9N7,20.044966218147444
ID_A00GKA33,39.54353028890049
ID_A0IE9XQK,20.044065771681275
ID_A17CN5LE,50.44257991505446
ID_A1KSNA1X,35.29894748170645
ID_A1L76T5X,73.28975375247309
ID_A2QXVSGK,37.297724930877045
ID_A3PGDVBZ,16.08282440810943
ID_A4MO1L9U,194.5733775956748
ID_A4XGZYJP,16.278918926665163
ID_A5IWMB3W,31.111203887611712
ID_A6134LBY,69.2093773937735
ID_A68SQRD1,57.77394791315516
ID_A69L09MP,55.472091630236136
ID_A6J5N3IZ,114.66282715695823
ID_A7GA0ECI,58.75854796610662
ID_A7LISWBC,25.6880537081668
ID_A7ZK4EGJ,35.667229919325464
ID_A801JX7R,104.35936408373618
ID_A807FC01,52.11989153239718
ID_A85TZALY,118.17080297739172
ID_A8AW2CYT,51.51074472645771
ID_A8KED66X,228.74998363951346
ID_A8LUHFSX,69.59745008181193
ID_A8WAHGO0,37.938475187291246
ID_A9CE0L0M,32.64245094974055
ID_AA6DDHNN,74.63581474262634
ID_AA7FHDPW,64.77142325192655
ID_AA80IO0F,163.97140813321008
ID_AAJLA86R,43.26483023001655
ID_AAUCTXSZ,16.25765354727669
ID_AB0AD9QH,55.733457128126666
ID_ABDJXIS9,67.53225017578757
ID_ABJTPKOB,76.54546228192146
ID_ABX3XDAJ,80.92838130697183
ID_AC71VOPR,70.54337682679407
ID_ACDQH6Z4,85.8803470570852
ID_ACJ1MPLU,88.01261329147155
ID_ACLJHSAW,131.06990895945557
ID_ACLLXQJ9,65.00947118849362
ID_ACLPYC4V,50.00355437852582
ID_ACPOQYP3,37.57756570466414
ID_ADFIF6EM,39.98727810130278
ID_ADSPN5T8,72.24681359132606
ID_AE48M8Q2,70.40280499438933
ID_AE6LCM8W,54.09724024803188
ID_AEEVDDWD,47.988326721184
ID_AEHPLVQ4,185.7975526558486
ID_AFQTKB06,47.18058176427199
ID_AFRKVKT0,45.75073903007807
ID_AG3R0FRS,27.85332189663465
ID_AGB11M2O,21.728488379158453
ID_AGIYNNBF,82.95606351273979
ID_AHVD4SMM,72.2015421152559
ID_AHVEIGW8,24.690406491543186
ID_AIRM119P,16.579638794574166
ID_AKMZETST,43.33594114166896
ID_AKNFCUAP,10.01387208343121
ID_AKT4MMCX,52.562987103453075
ID_ALHTCI7W,32.965796500525336
ID_ALTMJLLL,54.970837223130665
ID_AMQGYLUA,34.70809708096398
ID_AMWCEFJK,119.66638109455964
ID_ANPJQPSM,55.31766772084548
ID_AOA02TVK,96.32018633776522
ID_AP0GBEGS,31.30578793443187
ID_AP5EEJP6,37.38094385529619
ID_APB9LM2F,25.59364713646613
ID_AQ72ASA2,39.107231074773466
ID_AQV1MILW,52.033227404071084
ID_ARCZJ7LV,44.208235829566576
ID_ARFS6FC6,116.66778077489369
ID_AS80EYCB,40.847716629925266
ID_AT599IDR,15.445671642701562
ID_ATABX1BO,58.78179860375725
ID_AUSI1ZKC,55.311614740348304
ID_AVO0LN3T,218.29869257638939
ID_AVRVCE6W,111.87557833283273
ID_AVTNEK8U,42.50232317612177
ID_AWPO9TJ7,86.93348443752028
ID_AX3SFEIV,45.95917052073007
ID_AX9AIA0W,17.916057936315305
ID_AXDW01XL,80.242402883708
ID_AXSVCZCU,51.94014550911628
ID_AXYDSHAB,42.72600825181087
ID_AY154AVY,15.060853038439632
ID_AYK47GYZ,25.375471761782237
ID_AYUUOSU0,50.208367769424484
ID_AZ7MLFSA,97.27175885880021
ID_AZPQ1876,69.65133553058604
ID_AZTMOL7R,16.82436144630659
ID_B0GCOUE6,53.245226527355335
ID_B0JMWT38,33.85860376907614
ID_B0LW4J4M,76.50701670402935
ID_B1BWPHVL,116.27803078737513
ID_B1FE6QFP,41.97059053327786
ID_B1TH6MYB,29.879088123705134
ID_B2D58NB3,24.81471033460675
ID_B2EEWYR7,39.84265896179976
ID_B3DGZLRA,18.36742328335795
ID_B4J4EKED,11.346641490264062
ID_B4RMGJCX,86.97296369999044
ID_B4VKZF7E,34.77278051605806
ID_B56SDOAK,32.08989219428586
ID_B5GNSQZH,29.373431506010625
ID_B5V7Q616,54.384606143549426
ID_B6AVK128,67.35898408512577
ID_B6IK9CA1,48.33650140789143
ID_B7N9TQ0N,53.087963889839415
ID_B7Y1JNW0,15.79487689490061
ID_B80JJBX1,37.76832261574611
ID_B8JYFESQ,54.22401456995734
ID_B8YEQQTF,91.53242995965331
ID_BA3QCTFL,23.07825802120679
ID_BA4FJTO2,34.05951355662869
ID_BA91O1F9,48.155885616196294
ID_BBRD114G,11.539301711558082
ID_BD3QDDLC,105.14153692241177
ID_BD4HB5D9,54.8577205810719
ID_BD8GTRWK,40.82894905872032
ID_BDDZJW98,43.880739035688066
ID_BEBXP78Y,51.625370377107615
ID_BEHPIJ4Z,44.47189318587478
ID_BF3ONF9P,13.63340365005672
ID_BFBO99WO,48.22503005978393
ID_BG5DMYP2,50.25441837547674
ID_BG8PTWIO,28.288201170765934
ID_BH07HPA2,102.22711441475491
ID_BH8KZEW9,63.18881965921363
ID_BHVTNVMP,36.65669390613046
ID_BI4CMGXW,41.05368473980588
ID_BI7Q9F9N,52.84319869149461
ID_BIP5AVPE,35.239970203650486
ID_BITUMZF9,65.25602417298828
ID_BJEVM63D,37.365114111668454
ID_BKUZPC2N,46.05965284671665
ID_BM0CQ743,98.92533070556973
ID_BM0O1SRJ,40.15765692856408
ID_BMEG07OJ,39.47765970115083
ID_BMXFFF7F,67.68047469551034
ID_BO8TFQA3,78.91366059237225
ID_BQOG61QT,26.713093447251875
ID_BQPE87DK,52.392846388542104
ID_BQRO3WKH,42.929756145174764
ID_BTV8QZTE,57.434544115267755
ID_BU27MC1V,47.15272960701266
ID_BW07XF1S,17.000001955248017
ID_BWCUQWKZ,47.69560255094425
ID_BWP97BW6,33.15450516235629
ID_BWPM1I8G,56.16772422024599
ID_BX9Z8VAS,49.93924833028011
ID_BXPG5GO7,50.27559981689213
ID_BXRSX7X8,50.24337803337765
ID_BZ9JPZUU,161.48628814641205
ID_BZN5U7BZ,58.03965547421794
ID_BZNQSL7H,20.036016044699032
ID_C03RI6BW,40.334420852482204
ID_C0EM46U9,32.33362626222986
ID_C0RZ4RMI,57.604165764611295
ID_C1728Q13,77.69036922209962
ID_C2K7Q35W,59.30526809057493
ID_C2MXRN6W,42.792229758533594
ID_C2VB8KW7,124.20806601832645
ID_C3C1W71B,5.191009909956328
ID_C3L7ASNO,41.926941673068406
ID_C3QPFRZF,102.59270541381764
ID_C4PP02JH,22.74959068120631
ID_C4S29YBT,32.565962267322575
ID_C4Z36HUQ,87.27232908267392
ID_C59OZBMU,84.96085852733107
ID_C68UCKNB,45.54474539896134
ID_C6NYO8M6,55.18219353124797
ID_C6S6ON9D,71.88694644562811
ID_C6W53NLB,56.67738359757505
ID_C75JTI4K,31.537046900840142
ID_CB4DTYNW,66.60229571731296
ID_CBG4LQP2,67.29921894694229
ID_CBGPUNPA,80.75370877359605
ID_CBMBF1KI,24.76406242438314
ID_CBT32IHX,38.29368455950739
ID_CCXII2GA,29.467709853077622
ID_CD98MAEM,108.38799112805933
ID_CDS4CISG,23.073734962861625
ID_CE6TRA83,103.37597824551625
ID_CE7U1WZU,73.55914978549356
ID_CF8OB9YK,41.60985874639378
ID_CFCG35QO,9.17197461861197
ID_CFDPI8GD,27.663567461781668
ID_CFVZ8OWK,154.55290963515995
ID_CFWP7C4D,71.94072081076652
ID_CFZLTJ9W,34.50309524115923
ID_CGF61REW,101.08753768505053
ID_CGOOC5IR,35.11102340979111
ID_CHOCRE07,31.996025535339673
ID_CHOEUJKS,55.08169614766468
ID_CHZM7C9B,55.98498964256551
ID_CIBV8L8M,33.34776640598234
ID_CJVQDDAX,147.21359494830946
ID_CKQOQW34,16.696176792350016
ID_CL30NZPD,98.8251980066199
ID_CL3PB4XX,49.10761844900406
ID_CMFZM82J,80.98814591163836
ID_CMNXXTBG,8.409521471349606
ID_CNC5H21T,34.66872859388432
ID_CNDHJHNG,78.44526293182176
ID_CO8KBQF8,30.37787631852862
ID_COFGUML4,42.729226142987045
ID_CPNPR6IX,56.50619378637806
ID_CQD3O3N0,74.67402232095829
ID_CQKRRRXP,57.02815336998638
ID_CQUG40ZS,94.66355182494564
ID_CQZWN57H,36.192030957487844
ID_CR0SFTSP,38.796566122000925
ID_CS2GTYKI,68.08086215534028
ID_CSPTD082,57.56856684641264
ID_CT903NJV,101.62263752367089
ID_CTMFOY6A,96.51446665202718
ID_CU2F1U1R,21.384277244715808
ID_CU2Q8290,58.12045209158432
ID_CU9SYN23,10.767781902687624
ID_CV2CTWSW,76.04576024311307
ID_CVC5VTE0,64.4523191893804
ID_CVCUYB64,32.15811855794716
ID_CVICPIUI,60.03903976707711
ID_CVYCIQN9,28.73067765784225
ID_CVZ8OVNN,63.628814634746035
ID_CX6C141F,79.71639692189811
ID_CXT63ZXB,52.11829214286524
ID_CY3UEMZ7,107.01959681926598
ID_CZZ3BVJY,45.55174700412684
ID_D27FGDS4,47.84393796988128
ID_D2HM9VV4,34.21342783513093
ID_D30GK0QW,29.322832877879254
ID_D36Z9V1V,72.79500664982139
ID_D3DRF5PS,35.87945487331942
ID_D3GJPFHB,40.48439957817141
ID_D41P9F5M,38.270018872594534
ID_D4X1810P,54.752731619457485
ID_D54A6J6H,11.263874060964774
ID_D56KYNK6,38.14429749896192
ID_D5PRR2J4,72.55572851582656
ID_D73R0OIF,26.34840251634532
ID_D7D4R30X,71.31545575548662
ID_D7W2TF8T,33.77199201955273
ID_D88KE810,33.31793877967929
ID_D8EIM7JJ,61.17259843852037
ID_D8KY48AL,32.08956523554674
ID_D988TX86,59.81122631426125
ID_D9MX1T14,41.95405037260335
ID_DA5DUJNP,50.800264709687525
ID_DA65XFD5,24.506513466228423
ID_DASV7ERY,57.81472064763459
ID_DCBK0F8E,58.01654453774094
ID_DCEIMDQ9,114.57527427740476
ID_DCXXN1OB,90.1583616402342
ID_DE3QTNLN,63.965694398230674
ID_DE3UB4KF,37.194465024753434
ID_DE5ONRVJ,10.777043483025587
ID_DEDX4TN3,42.67172162486124
ID_DEPF1MSS,69.42888152136831
ID_DFXKPLD8,15.856316406735672
ID_DG1AXLVH,33.557180293410624
ID_DGJRTB6A,57.12171786876197
ID_DGXU6OZ0,31.67098973635785
ID_DHK42JE2,36.933285726426476
ID_DHO9ZVK0,33.73672048692724
ID_DI60H15I,166.89212672179667
ID_DIR1X0KZ,49.025081073325396
ID_DIX6RG3V,33.88953263916996
ID_DJIC4I6G,25.922971219717102
ID_DK1VUM89,46.181099340037925
ID_DKUU6UT1,67.17149059200958
ID_DLBAWZP0,26.05430390600624
ID_DLBQGI3W,53.56142876004924
ID_DLGJ1IB0,37.965062550657734
ID_DLOM2W57,37.436667595521754
ID_DM7VHZLX,63.56343582042904
ID_DNEFMO3A,86.645959830543
ID_DNFUYM0Z,68.65493170723309
ID_DNX6TIM2,43.5148856728934
ID_DOFGIZ8C,37.48394295743831
ID_DONCLYNI,29.42691293673793
ID_DPJ1F8B9,50.32746185020347
ID_DQ87BEZP,43.61294271804874
ID_DSB0NZ7R,31.19480570890076
ID_DSB89IZ8,77.5900316998282
ID_DSG1N2YL,21.57812018320605
ID_DSZ6GG9Z,9.097341884702196
ID_DTRKWCTK,45.611544035794005
ID_DUJQ8214,39.49263879285405
ID_DV0U7X5V,19.26354498223558
ID_DV6I65IK,36.26192404247817
ID_DVSV9M4T,36.80406568027432
ID_DWBSV0J2,26.39201934385182
ID_DWBT9QG2,36.2123151552064
ID_DWHXMS0P,40.20282344308159
ID_DX4LF9E8,50.51039859906218
ID_DXL5LRRW,48.34995384749828
ID_DXTFL2W7,31.12100744341722
ID_DY0OSFCA,44.320188962832624
ID_DYGGVJEG,12.670676423000202
ID_DZ0PJW9B,29.45963004190624
ID_DZ0UNZPQ,32.95058372369191
ID_DZDKZHPE,109.59231956082833
ID_DZMEDKQ0,54.17151166535895
ID_E0JE5JBA,38.724165534682406
ID_E0RTY1Z3,32.040509460258505
ID_E1E9QI66,49.91926598750315
ID_E2ESTYUH,28.13230363758983
ID_E2RD3O2A,57.77781605640135
ID_E4VB6GLR,15.72485484570602
ID_E51LRYNG,19.93436867282478
ID_E5VMU8UD,24.628068382868236
ID_E66XCP7H,15.530626274461696
ID_E6IVDQKF,35.208792056976165
ID_E733Q1T3,101.54343793914694
ID_E737J0RP,27.229225469955875
ID_E7CHSAJP,52.76745961270794
ID_E7QDBOCN,30.53007691882006
ID_E82RPSTT,45.973829327872195
ID_E8FP7U2F,35.73639862292424
ID_E9A6T0EW,40.80627276432135
ID_E9F2SMY7,28.32150743587833
ID_E9QGS223,29.672710354848178
ID_EA1J50MG,55.95061357660805
ID_EAB8SGRP,80.1879335719346
ID_EBQNNBM2,36.250421972602105
ID_EDK38T01,48.542800443866476
ID_EE3WWGH5,67.88524958532489
ID_EED1CJLV,21.992212712908564
ID_EFC82UUK,34.36013496951836
ID_EGZVWMD8,23.429971249823375
ID_EHNN3BCU,29.557159050339855
ID_EHR2A25H,25.551831965146132
ID_EIGOXE0N,82.46133583759433
ID_EIIZ7UOW,55.87126656797548
ID_EJ6R0EQY,14.532591498258725
ID_EJ9BIF85,29.44082282048944
ID_EJJIT6NO,116.37958114752323
ID_EJMJ2CUE,120.67523021033946
ID_EKOTE515,29.636996967103254
ID_EKUEEAIV,34.95858533055211
ID_EL99Y5W8,31.216314757623973
ID_EM5N4TY5,63.82814654548342
ID_EN9VA13P,150.2033242131368
ID_ENGIDFFJ,60.35115172450739
ID_ENM87E47,29.389995653573404
ID_ENP4E816,113.57037999450523
ID_EOF5OU2J,30.08242974817749
ID_EP6Y7VIL,33.92918539407757
ID_EPR9PXFL,23.926823085080443
ID_EQ4CCP8K,12.67850739386001
ID_EQ83ESMJ,95.95554676563114
ID_EQVUNQOX,110.34420775890358
ID_ER337S3D,65.87394215524562
ID_ER4BZPJ2,45.25832232958649
ID_ER9NCWPF,95.66223407667387
ID_ERPR4ECC,44.837635668529195
ID_ERX3UFKL,33.783058530928095
ID_ES17IHPY,19.904345754083415
ID_ES9BE7OV,35.46853740888348
ID_ETMS3H2Q,64.64650361541742
ID_ETVI0YS4,65.02193567430486
ID_EUPGE6LM,56.30981150497005
ID_EV2JIZIF,96.4036653616077
ID_EV9JEVNA,46.1445649669191
ID_EVEQI9T1,141.98194787724105
ID_EVOU1S58,165.29594508737395
ID_EVTFT0M0,16.545898272167243
ID_EW3QVN7L,120.85599543536756
ID_EWVYP4VC,219.38469348124966
ID_EXQAIY23,35.75620041080869
ID_EXQHF4BG,15.071145230075444
ID_EXSXUU3Y,31.108021061785735
ID_EYXNQHDC,103.25903270901617
ID_EZ6LLUC6,41.36836944228845
ID_EZMCSFV6,84.9046403318998
ID_EZTKESTY,93.55527975245556
ID_F0JRFDOI,34.20304311631085
ID_F0KMJI3F,57.30363447302881
ID_F2KYS5JV,26.94049476150768
ID_F2RDM90F,39.202981703301546
ID_F3MIP4CD,21.071926972464446
ID_F3MZ4CNP,57.18676198037244
ID_F3VHHWPF,23.32433769284723
ID_F41PBX6P,35.60449714583815
ID_F4PWGW5L,18.295525461240842
ID_F4QNEII7,28.258984768662085
ID_F4XI47RU,104.51569481355799
ID_F570F362,52.136006246710494
ID_F5BN0LNV,45.619110429305664
ID_F5Q2FD14,69.022944383321
ID_F5U2TIRG,48.52051614244477
ID_F6NDRX1U,45.85458975364935
ID_F7EQONFX,52.83379720833571
ID_F7F1HUIM,60.00415832783673
ID_F7XB9OEO,138.59814470492347
ID_F8644Z6Q,21.526507587652407
ID_F8YCUILN,27.721627630006537
ID_F96U4P8F,193.46593878739358
ID_F9V18241,35.6256669398841
ID_FA09P5Z2,42.814956591954314
ID_FAQO7OQC,17.771521191211534
ID_FB8I06B5,76.37381652963484
ID_FBLCB9SK,39.27135441261136
ID_FBOMUOAR,94.29080454653527
ID_FC5SXJQJ,17.040040775585915
ID_FD56ENNN,81.89218177885459
ID_FDOWNDFY,47.394763657733286
ID_FDSUV52I,36.71595234368209
ID_FFC9OP06,118.43447415674791
ID_FGF0F4IW,56.088694327614746
ID_FGKW949M,42.41561366712189
ID_FGYVPHXX,50.161192850942776
ID_FHAOH1J5,40.906692417803
ID_FHLKLKHU,48.2912327260265
ID_FHZ3WZUT,14.649438703622849
ID_FI5IIULX,43.90839429457823
ID_FIUE720J,181.0518582352271
ID_FIZTO1ZL,53.010546077210755
ID_FK1CZY49,158.65800360588742
ID_FKKH08GC,77.99678429262622
ID_FLALV0QW,58.38144597674797
ID_FLARVR65,65.66881559127313
ID_FLZIWXDD,41.79838862482048
ID_FLZS7EYR,19.753091938550092
ID_FMBFVKH4,24.22448448414153
ID_FMWLQH47,35.09012998668681
ID_FND3SUEN,54.49834800715552
ID_FNK3U7N0,61.108995313480655
ID_FOK98J7U,61.533366515336596
ID_FOVE3ZWZ,20.15021458169032
ID_FOVH0PRU,18.185832843163773
ID_FPPSHGGI,45.75079438170723
ID_FQE9SVFV,10.454891857654268
ID_FQKP0P6T,23.530630746795733
ID_FQNYXAJ5,45.655849465240486
ID_FQPPAY9S,48.12392809810502
ID_FSWARE1Y,21.836498365808207
ID_FT9P4JG5,37.20915033858027
ID_FTQH7E7L,68.71119788893002
ID_FTY68DW3,28.925637829860225
ID_FU49K7VD,142.51197089075174
ID_FV2P18OH,35.141891767301104
ID_FV2VCKSF,31.478633214636723
ID_FVB2UI7Y,61.72309156873003
ID_FVJ6E3IT,19.304041794216275
ID_FXYTI8FX,58.97015842212358
ID_FZBOL8JP,31.17389027242255
ID_FZTX5TBK,20.97777905839213
ID_FZUYBZLL,79.70393351965738
ID_G02J5H0J,69.89167241012225
ID_G0OSMYP4,30.379368112763434
ID_G0QLVSOH,32.446983590401686
ID_G0TAKFJW,117.34549120480499
ID_G0WNM0E4,163.23489689523095
ID_G29CDCIG,23.55963230352314
ID_G3EIME5A,33.63699878590704
ID_G3GIZGDH,63.13827112132144
ID_G3TYC2BG,80.66927593519297
ID_G4BXY0KO,34.40912066606803
ID_G4TDGBTK,95.8332663209132
ID_G4UDYGEJ,36.159030923716244
ID_G5AXCD33,40.23628035793434
ID_G5DEV1QP,71.96653092978391
ID_G5HNPS0J,53.01752264539148
ID_G5RGMRRT,37.26216746633395
ID_G66HIYVP,40.110889223378834
ID_G6EU6FSH,38.366610250723795
ID_G7LB5XTD,24.768286106297158
ID_G88WHO77,29.282219780328933
ID_G8AQWSZM,56.59500158393568
ID_G9A41BHN,37.02651984333646
ID_G9N4U4NF,55.66848520204546
ID_G9SUWUFJ,53.038015342172166
ID_G9ZKK340,10.597260935179058
ID_GAJML6IY,22.88657289850748
ID_GASZBS50,51.049897822347994
ID_GATL9EK3,37.9810883886269
ID_GATOMND3,27.84530255554086
ID_GD0E479P,49.5402564802809
ID_GD4C5Q1S,41.32759517963362
ID_GDOMIUQX,40.095218280145524
ID_GER5XBZ8,52.783837833020606
ID_GF3SRN1Z,55.70049925177631
ID_GFWOWWZ5,19.076634045350595
ID_GG3QXNYU,13.274766381561598
ID_GICMGSG5,29.392367756795586
ID_GJ2CSTTJ,57.87648312755302
ID_GJ8ES7J9,11.957902323955295
ID_GJGH1Z8N,35.37071486680964
ID_GK2YWAHI,26.958528581908332
ID_GKRTVQ1A,16.008222426859824
ID_GKSM6UHH,68.30388678921638
ID_GKWTHZ9T,37.358189769339155
ID_GMNCWKVX,31.282235700797568
ID_GN9JDKU7,50.368714467220094
ID_GNP54RU8,43.011230644182895
ID_GNT4V8XT,42.25946928244949
ID_GNVRX9KC,44.09530813533099
ID_GNXCHPJ0,46.41995375459162
ID_GOAMWIPP,41.13966301719266
ID_GOOW7WOJ,29.20155532532727
ID_GQ07O387,51.73462718458426
ID_GQNH1ZM3,31.95994376472342
ID_GQNQ57HN,28.185290931272508
ID_GQSL49PP,41.16064135313717
ID_GRK1P9C8,43.523872951543304
ID_GSD8PZXI,58.31992361798921
ID_GSGQL2NT,64.34690494617719
ID_GSMBUEBZ,36.764568589605574
ID_GTLPJ8RW,25.67662552010829
ID_GTOVGODL,88.55159602998746
ID_GUIOS9I9,59.16538242541606
ID_GUKQ4EDW,94.68450915189487
ID_GUYORI6Q,49.65645763728343
ID_GVIDS86A,97.08186477600185
ID_GVL2CGXE,37.21032202938059
ID_GVYW4F7I,48.84195148815457
ID_GWMQ0MAI,11.492392039398283
ID_GWMXOGWJ,59.22288072730041
ID_GWR66WLW,58.243809264468496
ID_GWRBPIDR,35.71533925773356
ID_GWX6P529,57.149053405836085
ID_GX96CSPT,27.66225717212503
ID_GXS0QKEZ,39.43211027540489
ID_GXYDGT08,60.22836693862506
ID_GY7O2P5E,60.90641270127486
ID_GZBYQN48,44.90862942969772
ID_GZHQ6QML,66.25491057059946
ID_H0ZDIXA4,59.41890331215181
ID_H1AW2G1C,33.1599736515768
ID_H26R5BZ0,38.078111703466426
ID_H2UHRS4D,30.864917072098894
ID_H2XG46HW,58.09024431946706
ID_H3QNLOOB,82.44396090498826
ID_H3SBQK4E,28.364282138061945
ID_H3YE3ST9,33.81532881314497
ID_H59E5LJG,82.682107593438
ID_H5I3IPJQ,58.48082600765959
ID_H5O10X2X,39.48004757924387
ID_H5P9JVDC,83.85292274110961
ID_H5V0N58M,43.72786835317514
ID_H7N6XXDN,24.32958897550609
ID_H83Z39HV,25.62427517665478
ID_H867GNF8,26.65539511597307
ID_H8J8ND9X,63.29628503325757
ID_H9LD6PMW,74.82913466140636
ID_H9T48H4L,27.06559862634505
ID_HAOX18EK,41.05309475967914
ID_HAPX71NZ,30.089932156321595
ID_HAYU94QL,80.50838960202249
ID_HAZ0IO9E,40.91877076873704
ID_HB3G1L7B,86.74674556477514
ID_HB5LYSQB,36.496864452676945
ID_HCN3SQHE,52.742877737892236
ID_HCTJVTE9,38.25979162081547
ID_HCVOTL5O,150.30110388749202
ID_HD8K1W4I,47.15168830999775
ID_HEUKGM16,65.51953831287462
ID_HFVHWX5G,44.49347139364233
ID_HG2579UF,33.556858069789854
ID_HGTKMAOK,21.94637549188039
ID_HHCEJDLK,127.50180581714515
ID_HHQC6R1Y,15.966782425153447
ID_HIH527AE,36.23457668960569
ID_HIQ7NRBF,51.65992974206482
ID_HJRXWP4L,264.4727346362173
ID_HK3OODWD,34.321179495377464
ID_HK9J0MDE,60.32825922948759
ID_HKBAJK6O,45.65331333119431
ID_HLDWLLX9,6.9489877582357735
ID_HM1TP33Y,38.002520024699805
ID_HMDR1FK6,103.89592815791113
ID_HNEFJ88A,45.99310574571145
ID_HP7PH19Z,211.65767371573608
ID_HPGQIBUX,25.070079773471996
ID_HRWIGYMR,35.17228027382096
ID_HS49J2O9,63.08352396255411
ID_HS901HXD,100.24923137161349
ID_HSA0BPO6,42.02430024641468
ID_HSQI3VDH,77.46005867178442
ID_HTHN90QJ,48.2618376281128
ID_HTZWV1JU,39.34953360965214
ID_HU9QNRW9,33.53092037625587
ID_HUB5Q83N,61.617688950587834
ID_HUI4BP63,67.2522400665209
ID_HV6LZZGF,63.59242287366013
ID_HV6MD9YV,103.95042915402325
ID_HV6MJ1FE,21.620547729337176
ID_HVU7XCPN,75.47176303108839
ID_HWJU0KP3,41.950341076791936
ID_HXAE1B1L,107.83264951509247
ID_HXIRMZ28,36.973882511834304
ID_HXRQ9FOV,45.04918296328006
ID_HY0TRLE9,38.303828284060835
ID_HYEJIS81,24.612159040103172
ID_I0GI5BPC,31.78043456023847
ID_I0S0EICU,54.707266183825595
ID_I0WBDDHL,118.0449334901276
ID_I0YWSWTH,32.8970705251497
ID_I26MIO7U,30.83966273203175
ID_I270DW96,31.069441116885876
ID_I2J3A1U1,65.58958088880577
ID_I33RW6EL,22.808346179888257
ID_I3AK2WQM,15.711667601870495
ID_I3FSOGQ2,30.7418753336253
ID_I4MEMECS,89.84336535133238
ID_I5P6QF02,43.44214392921148
ID_I5R25XV3,18.370907020320566
ID_I63RJUTG,56.975094501943445
ID_I6LQ1GWK,52.47103652927776
ID_I6Y4G0DU,87.03390954471149
ID_I7R7GV78,28.929466661913175
ID_I7TZSPC1,24.88059431796951
ID_I8JOEW19,20.625296870732242
ID_I91PD94Y,33.43129372113915
ID_I97BHIEH,34.630620475991165
ID_I98N7T9U,27.028802918614833
ID_IBEG1OA7,17.990162545376542
ID_IBR9ON54,45.147731141197305
ID_ICACO69Z,69.92143654657224
ID_ICFMA8HY,32.78706644042848
ID_ID92667I,163.15394783811035
ID_IDUTFWE2,25.023753568145622
ID_IDWQPLZQ,23.36087040848588
ID_IF622JPO,57.85082616318334
ID_IF75YGHF,20.037875135087653
ID_IFCDBZL3,46.12541585686398
ID_IFQW2ZA4,21.22686469870027
ID_IGG7I9U6,23.771660817377313
ID_IGN2V76Z,45.464453355249844
ID_IH17NXDA,28.811374718741682
ID_II8HBM0X,20.662472743599096
ID_II8Q9WM7,42.552258335198424
ID_IJTTVS6F,38.599177039937345
ID_IJVD3IPA,183.260769326016
ID_IK4GH04J,70.16428403216801
ID_IKIBBO06,102.51823545199831
ID_IKKJ1G2M,73.54346136611983
ID_IKLK5OBK,64.98993134777588
ID_IKWDL28R,25.210082182470135
ID_IMIFVRPU,29.5607506299336
ID_IO3DSM1M,44.087536401297974
ID_IOW2HZAA,91.51803630857513
ID_IQMDFXSK,14.262214843565552
ID_IRA10OW0,24.481301495565575
ID_IRGVINQG,46.32384389230105
ID_IRY2R3JK,32.11551163723986
ID_ISP6CQ2D,35.453332788973114
ID_ISZWECPS,51.54542230186005
ID_ITN62704,63.488251453417966
ID_ITZ62UDR,34.98100371256485
ID_IUIMF7LH,26.25557124773372
ID_IV3GA626,53.619532377729755
ID_IVNC5NXE,45.89389006890084
ID_IWHXQ4B6,26.783179642541423
ID_IWJBLJ7I,32.56371692277652
ID_IX5FTONK,86.27475946082154
ID_IXA2R63C,42.30376168096899
ID_IXPG70LA,54.66698631473807
ID_IXRJ260H,12.878868899727827
ID_IXU3UWUB,134.43301068223124
ID_IY2L5FGO,43.62840909553144
ID_IYE8952T,21.195144658200405
ID_IYPFYC5G,58.60536787734809
ID_IYWZSWP2,21.599922532872704
ID_IZ8SFP7X,46.480025612287236
ID_J05YYK3X,126.87788508630116
ID_J0AC305Y,93.80397434031894
ID_J0O6AD64,88.69122978594442
ID_J0RTV4X6,75.12269953676753
ID_J1TQJB62,82.01843936843643
ID_J2CZP6WA,19.72437852598285
ID_J2PR80EY,34.00247665245858
ID_J2TDF2SE,160.37216223173374
ID_J3A5O1OT,50.982727521908984
ID_J3WFO6WG,88.81944756942278
ID_J4WG71RB,37.488247085911546
ID_J4WU6A52,31.95977137728241
ID_J5NLXWHF,93.5311704937883
ID_J6E0PB9F,32.932703173081336
ID_J6SOAN1T,37.58380211067658
ID_J71VJFED,54.24993297193714
ID_J7JQ5I7U,53.430849676580884
ID_J7N0WFC9,31.054619465019446
ID_J7NU6RMX,99.42757741195732
ID_J7TBMCQB,5.075768584746072
ID_J7ZVSLP5,30.475657224032442
ID_J8MMQXDJ,35.545118918449376
ID_J9QAVMRB,35.16984650954933
ID_J9SFLWTG,18.913683390967194
ID_J9WI8LP9,101.84996550222198
ID_JB4KSW0Q,71.76997243905573
ID_JBKPHR3L,30.492334479322306
ID_JBY3Q98M,34.407933814683716
ID_JC2BT7UI,67.40952765729894
ID_JC5GH144,49.02363095923174
ID_JCI29COA,212.3151185762721
ID_JD72J9NP,25.759942521779617
ID_JDE4NGQN,41.2047878616914
ID_JDG7B1JX,63.87768227035942
ID_JDSJE9YA,50.04989212342137
ID_JDXE0UYL,53.49734107899959
ID_JEBGW4GD,25.6803343443261
ID_JEVVQV90,50.649626802084654
ID_JFI1U6HY,108.286590418417
ID_JFLG5Y6L,65.79393908667292
ID_JFM4ROA9,54.60490056578589
ID_JHJKYYDO,53.73984668685715
ID_JJP6KPOV,40.78477826154091
ID_JK1WOEWB,38.77904644851169
ID_JKACYILC,28.96663293533258
ID_JKL5LCCA,70.04766168087366
ID_JKRBPW4Z,50.5186715683182
ID_JKTO1OQ7,25.891075025660157
ID_JLJ0LI24,97.0400791561429
ID_JLYMBZFP,41.910829330765154
ID_JMAU1GVE,95.61025423255816
ID_JMTMNSYB,39.46098289717976
ID_JN3QZ9E2,38.468855979831645
ID_JNI0OM4A,39.37003509030686
ID_JNOMMUO6,24.28540189632804
ID_JNXY81HS,34.39949332563123
ID_JO5M804Z,22.25445969126951
ID_JOCJ20MN,54.96627720547068
ID_JOP9S0G6,47.05814245522052
ID_JOU8PMH3,109.13102964698177
ID_JOYI9FUM,62.3865424210112
ID_JPRYOOYV,27.098704060592965
ID_JPVVK6T0,31.5224628983412
ID_JPW42YW8,51.88088876335846
ID_JRXQ5ZK3,23.909106038866
ID_JSJY4P7L,41.74381491534203
ID_JTKMFK80,70.58199328970322
ID_JTVR0FSF,47.06772189669869
ID_JUAFHSCQ,18.680687049695862
ID_JUGO5XPH,30.87322322866295
ID_JVIDUTJA,38.7517955282184
ID_JVOHN0BM,82.44844118508166
ID_JWEJIGYG,19.648210130683978
ID_JWFWP3KI,18.18432554468223
ID_JX4QLST0,34.97288403700229
ID_JXROVLTZ,87.61346552469703
ID_JXSST1I1,55.77589366396336
ID_JYL44SZO,13.84119811638623
ID_JYMETOK5,25.69632258098079
ID_JZETZYQI,39.58950434727811
ID_K0357403,22.720245771681874
ID_K1FAWN4A,95.13042386144625
ID_K1P784YJ,47.27063464482472
ID_K1SW8AI9,69.7525746399757
ID_K23W30MP,43.16334327029374
ID_K2J6X652,60.30642284737951
ID_K2LVNFXJ,81.18866289110227
ID_K2Q3SHLV,51.70788994473408
ID_K39T5D85,54.96976969994565
ID_K4FFNP1G,57.056436508693835
ID_K556U76U,89.32374359627485
ID_K5PEGF1Z,71.03988165003432
ID_K6E8K299,84.29135520952678
ID_K6LQRDSK,39.55182467527945
ID_K79STIIS,76.05065523232135
ID_K8P4ZCK4,116.71463727320508
ID_KA74HKLC,51.516980696425215
ID_KA84GONW,48.41068132378126
ID_KAH0UNSO,57.82192484372632
ID_KAJRR7H3,49.0321011164922
ID_KB0DDJJU,34.243540600381586
ID_KB4L09KF,116.29153502092035
ID_KB8GYPBD,35.486368800291686
ID_KBFKTXA6,140.22697543870987
ID_KCBZTY4B,103.77920018908299
ID_KCKBJVPH,67.68011014385877
ID_KCTT0TF3,14.458788111217729
ID_KD0I2HMV,50.09449529092954
ID_KD7AE5G1,29.99701948880511
ID_KDDH5T81,102.33103184124585
ID_KDHTF9DG,25.255265513137065
ID_KDOLLW72,102.32353174397498
ID_KDQL4WQ2,17.413107377477992
ID_KDQLSNDI,23.13033789686592
ID_KE721MQB,31.266067779308162
ID_KEEZ8ARR,22.560766292055572
ID_KFY17W3J,24.68098083808886
ID_KG6IFRGK,106.13342150736156
ID_KHHIIZKW,34.79047059631854
ID_KHIJJDHZ,34.46676362565159
ID_KHNW0H6B,27.647199059293474
ID_KHPHPJVG,61.10171614392363
ID_KIWJACH0,10.135765806289555
ID_KJ8R8IZT,39.23391654317288
ID_KK2IGAH4,56.115716326215974
ID_KKB1SBG1,73.69579653143167
ID_KKCX19L3,66.81735175979833
ID_KKIKCZ7D,46.170967249125226
ID_KL3KLYRR,35.47514186395915
ID_KLBX6EKO,24.857712464522095
ID_KLFUER5G,64.41528473550508
ID_KMCUEJCL,42.47622650493391
ID_KMKXCBYB,100.08596540064626
ID_KMLHP3LX,39.52883587222888
ID_KOHUF2ZQ,38.08248304836252
ID_KOT61RQM,10.278306153789934
ID_KP0Q63H8,73.93031920475437
ID_KPPCL0AQ,12.692316257716918
ID_KPZKN00A,17.02705850306966
ID_KR4104FW,46.183556807661134
ID_KR80AYBH,82.90725469289043
ID_KS6YBLP3,24.853556153643048
ID_KSIGRH5T,26.768480085757787
ID_KSRNCRJ6,48.590245999800274
ID_KTDUG1A0,35.51879365644088
ID_KTY0I2ET,40.828625485839076
ID_KTYF4JG7,21.94671110233732
ID_KUAPYN3V,18.067024412536988
ID_KUH3TSH5,43.7313371596746
ID_KUN8BSS4,75.52519197549938
ID_KUR6RRXD,37.28620258229597
ID_KV98BU2X,47.22568754280883
ID_KWNRDVYH,83.42979294895245
ID_KWRVOEZM,33.99409029963729
ID_KXQPQC1Q,70.51026560681686
ID_KYKHFEBM,50.46205468613113
ID_KYR0YRWG,41.59062858194768
ID_KYSMPI32,35.967481363186664
ID_KZUYCCLP,25.3932801477079
ID_L0DP4HLX,93.26701743272085
ID_L11V40N5,102.70927082804073
ID_L1KW8BOC,101.79795562987425
ID_L1PHMRA5,34.35721109744712
ID_L221PJDL,60.684774551894364
ID_L29V81ZP,16.09928121946765
ID_L2B39HP6,17.572022295304187
ID_L2U9LP1D,55.36935848012864
ID_L2ZFWHRS,24.387266768315794
ID_L32YOWRV,206.71144873277058
ID_L3A4Z2S3,58.8297958791604
ID_L3D2N0U9,124.73972712040391
ID_L3J071WG,101.92200993355766
ID_L3RFG80X,91.89704885124709
ID_L4E3O1JR,107.4243661571492
ID_L4HOGVZ2,26.235059067226235
ID_L5UFI4ON,92.6288590159864
ID_L5W9RP2B,45.932684678518235
ID_L65SO1LK,38.68335151983367
ID_L6HPBG9C,66.05849248857437
ID_L6NZJIWL,100.45963397993233
ID_L6P5F1XB,38.59674154497926
ID_L78XOB23,82.50293313750899
ID_L7NC7IHX,70.66690265897816
ID_L7O3O93X,132.4247354685538
ID_L7UM1QNQ,39.77399760577731
ID_L7X7YGET,109.73075545683139
ID_L7ZI0YBT,65.38398266116354
ID_L8CSXC3C,87.46463016954158
ID_L8JQ2R48,27.286299084642103
ID_L8T8JMUI,159.56586586550952
ID_LAUPN8LS,55.45974920912066
ID_LB3ISO3W,73.42011485299467
ID_LB7SXKQ2,40.575024626973445
ID_LBN3ONVI,54.410954449216035
ID_LBR96ZM1,23.557793595650907
ID_LCU7X5GD,15.356489392289845
ID_LD0X1B1I,146.30827800303263
ID_LDPNU9AM,39.99520512763053
ID_LDV53NBR,64.16305682625344
ID_LE133DNN,38.118762667913536
ID_LE6Q7WBG,37.35747618242373
ID_LE94FHA8,36.205828118604444
ID_LEA8NW6L,49.05576782694774
ID_LGQKEDO9,46.07306512402236
ID_LIH3D8HQ,48.440220083408626
ID_LILL6SPF,40.44164346270045
ID_LJ1BU3CZ,101.10830377570639
ID_LJSOZ81M,3.6339918461931475
ID_LJXKI7BC,50.84097979751914
ID_LK20JGMP,45.8600196093108
ID_LK23HFT2,35.88273750450713
ID_LKEPP7GU,40.18295758408022
ID_LKR3JNCE,107.60249837331855
ID_LLPIUVOL,44.588343127263784
ID_LLXJAMGA,15.905619053197313
ID_LN403EBX,51.98424794125861
ID_LO42Q3K0,37.46730352336236
ID_LO4MHWN9,31.000335663315514
ID_LOASIUVJ,58.436958518100084
ID_LOFNMMPU,92.62226832131859
ID_LP0RP3FH,39.22586137185777
ID_LP2ZM8K7,115.86091293598611
ID_LP9Y494M,37.25542798488719
ID_LQ79WQMT,43.90992725308553
ID_LRLT31MI,25.07146680710216
ID_LSYMQI8Y,126.15364084199364
ID_LSZ38W8C,34.46980778647787
ID_LT5HA2UC,74.43692057894144
ID_LTMQIJNS,56.984577632147534
ID_LU1ICJVU,62.60049936379632
ID_LU28WPVJ,31.582241822767767
ID_LV0SMU4H,72.77462063390851
ID_LV7Y50XY,64.7823721962672
ID_LVODDTSW,73.57469597463417
ID_LWUWDNEV,104.47349952121748
ID_LWZ7GDHI,56.08430289586436
ID_LXBH7SO0,40.70578459883134
ID_LXXTX14Y,41.135471925032476
ID_LXYYE4A7,113.49474398886595
ID_LYPHTV7S,81.79817606076726
ID_LZ1H2W3V,78.91338047875792
ID_LZGYNIAT,74.45737242463304
ID_LZKTPZWV,28.37076792620304
ID_LZWJCGF2,33.10195159330688
ID_M03IIOSS,38.672828376291946
ID_M15J33NA,131.45354138469685
ID_M1KO5ONJ,65.19498592409319
ID_M1ZETSFU,37.229512045553754
ID_M2030A3K,30.814118841825806
ID_M2XGWYUR,26.558591403017207
ID_M350L18G,53.34872254847212
ID_M4I6KHSM,25.527362443314246
ID_M4PGVGWL,39.516245310943894
ID_M4R452TE,31.356970618571925
ID_M5LX4O3R,7.2303236531829
ID_M5MN986X,43.86591086473788
ID_M63VAWTB,31.605125705907867
ID_M6GY3WOF,40.16524119969121
ID_M6L255XN,40.698619696434406
ID_M77WSVXW,17.511979191159597
ID_M7SPRCUY,40.43683650994381
ID_M7UPIFMD,51.50020255998371
ID_M7V8V8PO,16.34754488558304
ID_M8KH10YM,31.456064891311424
ID_M8PW00GQ,76.26147141610878
ID_M8S37RP9,86.65442565891792
ID_M8TICCZB,33.984949671110016
ID_M8W5B03L,35.28659201227552
ID_M9HGTM87,95.58642640480163
ID_M9L8DI1T,19.20725548574257
ID_MAM89VFX,39.243933302975655
ID_MBBOL4F4,102.31368297743236
ID_MCCSGLH9,12.894096949213761
ID_MCOE3WG4,53.94169233643501
ID_MD1217LD,55.902160345662466
ID_MDQOU7UV,46.69704067345227
ID_MDRQRBZF,68.5678608698269
ID_MDY80P9U,39.061743351557084
ID_MEIMIITN,114.3198374624427
ID_MES0L54H,59.04249349434296
ID_MFGZXRNJ,114.24699825927681
ID_MG5X31OV,46.26024915369753
ID_MGMFDM3D,37.50548773158489
ID_MGPDZ7Y8,72.92154983704494
ID_MGQL3HKC,53.653357775497874
ID_MGZS12MP,49.491261454523986
ID_MH25MKEB,82.8205222864895
ID_MH2SFIME,63.6864639240365
ID_MHGCMNEM,63.37186401615465
ID_MJNMDK6O,84.66088514299605
ID_MJTMI7NA,113.21236761495908
ID_MJV10O5M,55.64200451985214
ID_MJV75G1B,65.69391390397116
ID_MKD7DLNK,58.78056114164107
ID_MKUGVB9H,24.753151737702336
ID_ML0Y720T,36.78158758428567
ID_MLCJDDP7,51.32748769962205
ID_MM70JA26,137.5347414932436
ID_MMK9JX5K,45.71932363359407
ID_MMWDRMGK,89.8871309851065
ID_MMXVV6YW,65.35593540002347
ID_MNOK40HY,49.795991893415874
ID_MO3KHK87,27.573745216055748
ID_MOH43BDT,42.98840164352304
ID_MPX27ITS,20.785780481990933
ID_MPX2HDID,24.027526883812204
ID_MPXZSY6Q,82.71902385171639
ID_MQHDQR5Z,68.84051699252076
ID_MQSJNE22,39.56279158322702
ID_MQVYHEME,60.310576539763545
ID_MR1O6AKR,32.31558130897942
ID_MSWGG37C,24.38149128575114
ID_MTI7FAQF,11.727056272646465
ID_MU3NCDK6,11.18235136554484
ID_MUI47IEF,89.27590920814302
ID_MVIYRO8T,276.73871743786907
ID_MVJGACZK,59.84109950432344
ID_MW4F281Q,61.57764810555116
ID_MWE0ZKBX,28.1654109432734
ID_MWKR4IDN,27.243810252842867
ID_MX5P7L35,38.711421032427765
ID_MY3OTZP6,193.33643285409184
ID_MY7ELVL2,114.81689794227924
ID_MY7ZI48X,44.547380558542606
ID_MYSL451C,58.04905947687559
ID_MYX0A11S,27.403337963766848
ID_N0EXCI3G,57.018067056834326
ID_N0N3UM9Z,42.76134862226186
ID_N16JXGQS,73.34798750606028
ID_N1QQ7A5V,38.70615882077692
ID_N2121HO0,40.47620153087804
ID_N22VK7B8,31.920414162363645
ID_N26LL1ME,29.740813215789096
ID_N2CSA9TW,55.720503314799515
ID_N2KNR5OW,16.420998604529665
ID_N34153HW,28.839027088372248
ID_N3DAFCYB,71.23191016859676
ID_N3G30H2C,14.185954911105462
ID_N3Z8EFEG,52.45459722660459
ID_N5COWW8L,26.54891180646691
ID_N5F7DUKU,72.82885757667125
ID_N5PMKKFL,53.419932206475735
ID_N5TEP39R,23.09788852911753
ID_N60TFA5E,55.860313894159034
ID_N7KRF4JA,66.83705735536684
ID_N8SJ3LDA,30.678677265673322
ID_N8T622VB,23.381028054955976
ID_N8U3K8VR,31.96727999200965
ID_N926GX8J,62.98935961190292
ID_NAA292TU,37.15480928766108
ID_NARI0E12,30.293145117984608
ID_NBAO7Z59,49.57163115520933
ID_NBRRME5H,21.80516047038293
ID_NDCOG6KR,42.55940926116312
ID_NDXYQ0YQ,55.22558342553946
ID_NE7239BX,35.79672839035845
ID_NEWQZVGE,8.48835735408501
ID_NFPV8E3S,57.33476374379655
ID_NG9ZTI2G,25.780140299037736
ID_NHB1W8DP,106.00022605125528
ID_NHJKZN7Y,132.69323220686022
ID_NIHGF86T,7.736149018593203
ID_NJ4NUPPP,22.767931811978414
ID_NKFGOAOZ,56.736914207703435
ID_NL1XPIK6,82.72457396100012
ID_NL6W16JI,44.96074130093961
ID_NLSTH4WF,60.314001473719664
ID_NM4EO8AR,22.541048054790696
ID_NMD7N8QC,45.15708955218916
ID_NMFN5BPF,61.10993015763325
ID_NN80U7QK,43.93418817282591
ID_NNWKPEBH,39.03577630869218
ID_NOYQQ79E,55.608593604305035
ID_NPW7HWMK,35.813986461968284
ID_NQ5DNWBM,32.698878738666345
ID_NQSZV6HS,47.00149989386611
ID_NR09NH8L,44.0003194882601
ID_NRT5N8IP,76.23234779162567
ID_NSE371YI,9.608203525745324
ID_NSMF9KBL,200.98341720924637
ID_NSXOLJGX,20.049975228015796
ID_NT1XFQ2J,59.888955112235266
ID_NTT2X5OA,93.75340334025647
ID_NTW4MMFD,43.96230656600159
ID_NVT604YM,82.72433459794925
ID_NWYWUNK2,28.10996218624957
ID_NXOVCKQF,54.70325401610447
ID_NXTRFK4A,23.82689523097754
ID_NY79NZBJ,42.35337524657719
ID_NYGI2R2N,84.45494749255718
ID_NYGUF89D,37.990979305581334
ID_NYTOG7MC,91.63953546634833
ID_O0IAKBNJ,18.546857462056025
ID_O29IX3YR,52.540337614757874
ID_O2EE7NYV,50.30420305703447
ID_O2I0J79O,17.532021719480298
ID_O3IQAB9V,135.17785235983823
ID_O4E19CC9,74.93868923250697
ID_O5V948R2,40.85542989161168
ID_O6QSG36V,40.60946250241594
ID_O7CCAIOO,51.619981015516345
ID_O7FCSTH3,58.56294285976932
ID_O7T7SBDH,20.12122072028211
ID_O7X1TWMS,58.70212562689564
ID_OA0PB72N,36.671349475520124
ID_OARS53ZQ,34.798026784549144
ID_OCWKAC9M,22.879230247407428
ID_OD2N3YWP,95.57170778828596
ID_OEARMYGR,60.97160098482515
ID_OEHGU44G,29.54470915601927
ID_OEM2O5CM,19.035736331110513
ID_OFG6CR12,89.45571877127786
ID_OGH3GNP2,49.05645751308123
ID_OGR25R9I,29.057630761065646
ID_OGX1UHT0,39.961928277989635
ID_OHENSVGU,39.15070965742149
ID_OI6OGN9E,75.52380529139276
ID_OIT27VW1,101.07696928928394
ID_OJ6GNY2J,25.855082508744687
ID_OJVW9BBG,40.211852342903185
ID_OKTZ1VDM,25.19998241856614
ID_OM1TRXYT,31.560756012526802
ID_OMQJZHZF,38.88693041600824
ID_OMZMB2Y6,83.0625652977121
ID_ONBQ3647,22.422511021148253
ID_OOBXAB1W,49.08456870500426
ID_OPTOY77Y,36.090397588267976
ID_ORJB88AP,27.85862842480045
ID_OROWSC6J,111.28089924569873
ID_OTFVY0KY,24.502893454376608
ID_OTKS0SLP,34.10811055834685
ID_OTQBEPYG,22.74243910860343
ID_OUIMTBJ6,152.4253288779483
ID_OUPNKYGT,59.59170670789975
ID_OV3OK0LB,59.320498218379015
ID_OVNLY65K,42.85358944691733
ID_OVRTY7AS,59.48763039264731
ID_OWNB0P7K,27.213737866100182
ID_OXGJWA3D,74.25423311806878
ID_OYBFFBB4,95.27275512952511
ID_OYE1WHCF,132.97607368863316
ID_OYG4084F,37.0586498460989
ID_OZWX1S9Y,26.41175543840579
ID_OZZPSH7J,68.0489660204274
ID_P017PN56,38.95801941434239
ID_P0A1URQG,13.584398878558758
ID_P0VO0IC4,16.39255190289247
ID_P0YDJH49,28.407122767296254
ID_P1Q054KI,144.8114126791965
ID_P2B2K0BS,35.68577035488843
ID_P2SALV5W,33.210831481214974
ID_P2UO2J3M,32.58259286904142
ID_P2WKL9QE,86.35580837192663
ID_P4DCJO66,26.847925491549493
ID_P4ET5UYL,50.23084900397442
ID_P4O875EW,34.488251114945
ID_P5C3LVCR,51.79288767389578
ID_P61AAWN2,19.105432716706495
ID_P6B75830,24.897370217961047
ID_P7CQYGUW,10.569146964980014
ID_P85IDSEC,48.69758147001036
ID_P8OOEV9V,26.650808560716346
ID_P8UQXPOZ,60.79871351177039
ID_P9B06TXF,71.99103687057239
ID_P9DKE0PV,26.520968223082367
ID_P9J9L213,21.81699441801941
ID_P9KTHB8I,153.1494069040455
ID_PAT4IALW,26.44892804870415
ID_PATQF5OB,56.47822647691472
ID_PB93IF78,75.39347828375756
ID_PBC1MET0,71.62784322516762
ID_PBO45PL7,30.644982945153743
ID_PBQQ9Q7H,32.465519566228494
ID_PBYTIA4P,70.97579311272699
ID_PD7J7EUY,14.583164409311053
ID_PDBZIEBR,27.605510055151115
ID_PEJXP7CX,134.4078165694154
ID_PEQ3HKZ1,66.50361580933652
ID_PEWJI97K,32.79048974078211
ID_PF82JQ3T,57.760491595571125
ID_PFCEXUBN,74.64816942107663
ID_PFZQIJLK,88.24719344509035
ID_PH125S5Z,35.30781473402659
ID_PH3MOT9Q,25.6004021339249
ID_PHARAINE,17.17421390642808
ID_PHEGWE76,41.241351479916325
ID_PIN0YW9Z,42.032961729137746
ID_PINQAHNO,68.3108428260551
ID_PIXZT3R5,56.535708890437
ID_PJHCUUP3,37.657998028013225
ID_PKIBR9AT,20.928617094304983
ID_PKR12PK4,96.71151274956887
ID_PKUS9NG5,58.690720326604264
ID_PLR97Q25,36.228766011157596
ID_PM5IYBDN,40.22281449679873
ID_PMFYPCHL,67.42020930095322
ID_PMP5DKB3,59.71110849278453
ID_PNEHIA23,53.39297566275481
ID_PNL146PC,37.85329779916907
ID_PNLL7G98,43.3664557932722
ID_PNNLN9T8,116.77922643134507
ID_POFMAYZJ,35.56054355147057
ID_POHUTENN,77.37451905920926
ID_POTO8YLK,43.4677113233647
ID_PPTCRCND,33.43900461811252
ID_PQMQM37U,53.69292389106853
ID_PQO8Y0EW,21.33842111721901
ID_PQQXN5SP,109.74349091985644
ID_PQTX04K4,30.500125297524175
ID_PR2S9V0U,54.08364408918056
ID_PR854TB6,15.163754834536256
ID_PRA8QBPH,19.90192765741984
ID_PRK4FLY4,72.84959509885108
ID_PRT2CR8F,60.014255107242555
ID_PSPN0JLQ,49.355835444680515
ID_PTXPR5JQ,33.47453796427435
ID_PU1DZP79,27.12648038218289
ID_PUA3AWFV,45.46380643000197
ID_PUAKYMQ1,12.580300291887589
ID_PUE0SJRE,79.47179189948886
ID_PUITAT2P,27.157804523923982
ID_PUJSGXKC,77.54382392420781
ID_PUK428OL,66.35008679705783
ID_PUQQBDD9,52.32605984284562
ID_PVIJIL4K,103.1894809826499
ID_PW0S0OG4,22.25844827544715
ID_PWN1VT35,23.52306538465831
ID_PX4GM8SN,30.598851475716152
ID_PXA06V9M,55.547959495030355
ID_PXGRD481,44.07095682867711
ID_PXMFHZA2,26.659171749664658
ID_PY53R7EG,59.61122632164599
ID_PZ2S2Q3U,53.06366786060416
ID_PZAWI6ZQ,16.840930067009467
ID_PZQSZHVD,29.673398654107398
ID_PZZVIJ4O,44.5476498100832
ID_Q0FOITZF,12.662600918187643
ID_Q0UM2MPW,52.17115067373825
ID_Q1GTPHJK,16.396331036457113
ID_Q1KWAVWV,28.93693201548976
ID_Q3TFOYTM,51.54166331305485
ID_Q496FWMT,57.15673361546361
ID_Q4YFFLZM,88.46711676817876
ID_Q5VIYA3J,27.17767358766252
ID_Q63VK8K2,31.17244223310724
ID_Q65PZHVT,109.19967872717478
ID_Q6CYV6PQ,36.81513819675785
ID_Q7HMQ204,54.307895686786
ID_Q83CJCHD,39.580838772123045
ID_Q8BRLX4U,46.22780451540442
ID_Q9E88H3C,39.230687347623174
ID_QAGIQ717,14.468954835759384
ID_QAR2HC76,65.16328297241685
ID_QBNL3AJI,52.869172175071675
ID_QCJ6MEL5,15.450541076084072
ID_QCKIF81Y,98.81414826162026
ID_QD1TMGAR,72.16492574000246
ID_QE3RRIGV,33.667674057156034
ID_QEDAR4GV,60.635823464570315
ID_QF4VC77F,94.00376993300608
ID_QF590X6M,141.98416293369252
ID_QG5JNJQW,62.09630198845926
ID_QGQEA5DC,68.25896004381302
ID_QIR19KSK,73.0211556153652
ID_QJMM22RS,88.55424779031144
ID_QJRH49EA,52.84565057694193
ID_QKGJI7AM,134.82847983319658
ID_QKHKZAM4,25.61257919912768
ID_QKX0VMUV,45.567984179663924
ID_QKY88KAP,174.00357603057654
ID_QM0W4FYC,138.1405238609799
ID_QM7VKL5S,75.6423213443926
ID_QMX20BAY,39.62708969180242
ID_QNL13QO7,34.9395689444862
ID_QNPXIA21,100.14805468780446
ID_QO7IL9RL,33.63685817654826
ID_QOENLX8Z,47.20199768381627
ID_QP6925YR,33.13407623058906
ID_QPBMNWWW,46.34657381480135
ID_QPHXBCMP,88.423238530569
ID_QPJ0EIYG,37.150430505878035
ID_QPMCPOJP,107.55929131402208
ID_QPOU1W52,22.912556653386734
ID_QPZX5S6E,29.316166720375644
ID_QQMCZYPO,29.0951502179053
ID_QQPQZ946,56.86858536727601
ID_QQZPS42G,26.7358558763028
ID_QRB9KESF,110.45459079158863
ID_QRSMTKW7,30.598198727369574
ID_QRSUR9T0,50.75177281165357
ID_QRWZ9U6P,91.6028688462357
ID_QSDZVDXT,14.56080044166601
ID_QSYU3FK2,28.14415049965955
ID_QSZW95VU,42.179672022898544
ID_QT2DE74I,28.635783758182367
ID_QT3ESR91,52.71931269426015
ID_QTC1KLC1,52.37249914672248
ID_QTIPA1SF,48.997873826483584
ID_QU9P5BAY,81.52581002245253
ID_QURZAGPZ,15.791865608692909
ID_QVPTFY8K,41.82485811319277
ID_QVSMHCLC,57.31567887010152
ID_QW0DZARN,145.19855883866444
ID_QW3ERDM1,21.631419270383613
ID_QW4117MF,30.67812404276677
ID_QW8GUD2H,108.8712571157836
ID_QWRC044B,113.28199662685041
ID_QWRDBDXR,22.792063004347682
ID_QXJYVPXI,42.33914578454524
ID_QZ8PB2GE,41.383749368778986
ID_QZKR27ZA,22.227848915440642
ID_QZN0E88G,27.210778137589706
ID_QZOG069V,47.34088431906648
ID_QZVZ9HNE,29.851818465247685
ID_R027ST33,47.940241382401055
ID_R0BC00C8,37.54475281883135
ID_R0E1OSJ8,68.85179104633501
ID_R0S2T2TC,25.48092921632471
ID_R2GWWLIA,26.496413692803145
ID_R32DBMY1,49.09462431246154
ID_R38KNZPU,30.864787440166236
ID_R3FQBJK7,57.460605599754025
ID_R3JBUUKI,62.28018950041207
ID_R3Z6N0NU,27.124682908865537
ID_R4FQXAPH,45.21716546722616
ID_R5PPEO9W,36.59919907829879
ID_R69GFJ6O,56.929086038166645
ID_R6RB0BX6,23.6028415815401
ID_R6UXS7MW,43.00426201881366
ID_R6XSB7G9,23.4607153115645
ID_R7OOFMC2,54.66109662883544
ID_R7ZHB2UI,23.356141700370653
ID_R95HA2Y9,33.24552146568122
ID_R98OJEX9,43.81406891818806
ID_R9IL4DDB,40.0946020083334
ID_R9L323ET,105.22200517424446
ID_RA9QYJ84,44.488405158989565
ID_RAH1C5J6,36.74579056828465
ID_RAHD8559,42.51196497530462
ID_RAM7W66K,81.98611198095729
ID_RB5428N4,83.35527114891676
ID_RB9NHTOK,65.10515490927467
ID_RBB5GL2K,101.13602070262357
ID_RBI3INIP,49.635753209445596
ID_RCY7LCJE,54.52177159326302
ID_RE8QTMS0,37.98972907205835
ID_REA1ATBF,33.074596225077926
ID_RFO22GPM,80.16493957716438
ID_RG0XODDS,51.66774337110639
ID_RGTW974H,30.94781669324002
ID_RI007HAV,47.08861045987499
ID_RI1MN4PR,55.377726258067675
ID_RI6YJ5WN,5.741385986193414
ID_RIV1YAE4,109.3122988519292
ID_RJVK10YL,35.9721591354583
ID_RLHE5OS2,34.029547095173214
ID_RMABJ7O2,24.665324993585724
ID_RMG92NIL,23.612760514908263
ID_ROOFUG3O,30.434955625671613
ID_ROUDSBS2,57.467351802321275
ID_RP7AFBPI,89.19880013776651
ID_RPEBZ6GR,67.05453914651184
ID_RPRV0NCZ,25.423038946778558
ID_RQ5W5VPY,202.37020329259073
ID_RQALCXK3,17.672316667759162
ID_RR98MDFD,43.18008508835399
ID_RRWY63A4,30.653480294518694
ID_RSF9U7WT,47.53185022447037
ID_RSYFWNAM,53.30025302082212
ID_RTRU9E06,26.76463945121578
ID_RTU1GP39,83.22768517503272
ID_RUN3LKGR,121.09252530497085
ID_RW91WLEY,79.52736195901483
ID_RX990T6G,31.581456272603123
ID_RX9HMRNR,84.78874148857582
ID_RXZUQSC0,20.554457037725896
ID_RY0EH90O,109.35491427402349
ID_RYKC592K,27.863760366273358
ID_RZ5G7T7A,62.56543482216761
ID_RZB0DHA7,41.3953099092364
ID_RZBDHEE0,33.41008091478915
ID_RZCNIAAE,44.92004245289712
ID_RZLQN9U8,114.5581408614106
ID_S0C47GRP,53.73956426694361
ID_S1H9AWWW,36.375429838384875
ID_S1LFVSXL,105.31904796624801
ID_S1PO606D,45.820874867321486
ID_S1TZ4V57,35.617444325192324
ID_S1Z7KOVP,35.720075569458714
ID_S2YKJNJP,97.423656417219
ID_S37O61MW,24.244711404142265
ID_S3DN4RKT,26.064725382920074
ID_S3HT66EZ,21.358702110135674
ID_S3SV7J2B,46.53021547868132
ID_S3XV9KPD,43.85909894579311
ID_S41RJOU7,24.258902390176846
ID_S4E22GK2,114.41699422244865
ID_S5Y6UBY7,71.04508936580078
ID_S5Z3M5JX,38.820829597509466
ID_S6L60W2I,34.01046209377279
ID_S6PLYXXQ,81.31153321814584
ID_S73XPWV6,56.929909412670284
ID_S83TEJ7R,33.55882472823221
ID_S89ZTL8Z,80.93565654929868
ID_S909456E,46.48741259408928
ID_S9GLJ5SI,32.929854057865526
ID_SAGUYM8D,49.12144771249034
ID_SAUOFLT5,81.19354938479908
ID_SAW20PCP,49.85363776486452
ID_SCG1K3BA,65.56486077762743
ID_SCZJ32Y4,49.88844995188563
ID_SDWSS1GM,51.91592998370819
ID_SDZ0BH91,47.27199335923919
ID_SFCJ1XEQ,75.43546982725024
ID_SGFQ4X4M,63.58660996455204
ID_SGHX0V7M,15.938049889718457
ID_SGR6MYNQ,15.974372384535236
ID_SGZ827P2,16.072728397643374
ID_SHAF1WPM,39.39372292121305
ID_SHPN06FL,31.144070660662983
ID_SI0GREFZ,31.949017032601144
ID_SI6FDZ1S,26.66022594768324
ID_SINWDJNG,38.04392456468157
ID_SIS5F9VT,10.612159820064328
ID_SJK1IFN8,96.03023920961502
ID_SKE1FCJS,90.73055044979884
ID_SKQDB5I1,34.19439962748629
ID_SLDYZ97D,59.34033425219804
ID_SLFN1GCN,129.7619051580043
ID_SLTUTXNW,74.80339547801415
ID_SN4T0FBO,155.98175414679346
ID_SNUQ8GXS,21.623908460034738
ID_SNYQ4HST,45.05076708455321
ID_SO9W0Z8W,51.97456037493836
ID_SOFQ8OWJ,82.24345234689692
ID_SOO2PIAC,38.21779349734642
ID_SP60Q5XY,54.933804607962
ID_SPJA38YK,48.68010718511431
ID_SPOK8NG4,11.311538822802461
ID_SPZ6D1QM,40.019594029300464
ID_SPZB95UB,40.13099387780332
ID_SQ36XHTR,41.84872938928737
ID_SQ6UZGOQ,27.240281897994183
ID_SQM4YRWS,27.887639585098967
ID_SS1SGJF9,38.76184221120675
ID_SSHBHOKJ,56.607171459647205
ID_SSQDBJB8,41.98450920875851
ID_STF9LY57,89.45036861411846
ID_STJCC2IX,17.08882507457131
ID_STLL4QKP,61.184379623792374
ID_SUCX6NFA,32.07331443248121
ID_SUI51G1E,34.02411985615083
ID_SUO3SMHZ,63.661694660138906
ID_SUY4JV2A,54.59947183646693
ID_SV8M2ARX,53.87252618729554
ID_SVKCNK7O,12.058985247504573
ID_SVX3R5LD,41.373630282339874
ID_SWCL50AH,37.95608710695915
ID_SWUVOYC5,32.17703479571483
ID_SY2Y5AOF,77.21821653088263
ID_SY9TZUYS,55.4135558129644
ID_SYWRXPSM,140.77348177804134
ID_SZ4U7QDA,65.93942301743806
ID_SZNMAAE6,28.98409376588033
ID_SZSVNXMB,82.80812858192763
ID_SZWQLYY2,38.39274389680831
ID_T04DLXNU,29.45668044106977
ID_T0UOIAU0,42.758246984616584
ID_T15EJKWG,82.9357463875912
ID_T1YO7F04,40.68948825060312
ID_T20ETEA5,36.489454709656336
ID_T40SO8RK,23.37693429840483
ID_T4GT9EVN,63.59859255375791
ID_T4J2N3W1,31.195583631999995
ID_T4KNSOSA,45.100984393897264
ID_T55DIDQH,55.875089381798325
ID_T5UWCFY1,49.68353585881402
ID_T62FDFDL,130.31986138354014
ID_T6S9WVZ2,40.42445796046788
ID_T7PEESEF,48.021897358654925
ID_T83NUB8P,38.458439619022485
ID_T8658KL5,42.899434854155196
ID_T86RKXIO,24.51082213903013
ID_T89VMO0V,31.9952649044942
ID_T8FNBA7Y,55.812547366770026
ID_T8KJBRFM,66.41074882614892
ID_T8YDSY63,37.7139639734266
ID_T9RIEDPG,22.942567694263843
ID_T9RVJR5C,95.82352422483734
ID_T9VDTS7I,36.298656713095
ID_TA11GHT8,158.47838179934158
ID_TB035UXX,38.24136725156856
ID_TB7E0MPG,30.565130116754432
ID_TBERMJR6,52.58389082508253
ID_TBYM96JH,55.03491483796872
ID_TDFMQGUF,69.99889214662633
ID_TDI1BW83,50.06498371100719
ID_TDUZI739,72.34683324586788
ID_TEYMR5FB,18.851250862474792
ID_TF9905P9,32.54078700090075
ID_TFD22LIV,46.242508936913836
ID_TFQ3EX6K,25.081322724912994
ID_TFRWXPB8,34.016899740084604
ID_TFTNM99K,36.51485052330443
ID_TG09PGMB,20.956053536685758
ID_TGAP8MXW,102.36779882938731
ID_TGFNHE0I,145.8429678433613
ID_TGTGX9GA,36.12130658971538
ID_THAISRNY,25.50474594313619
ID_TI3J012R,194.123525249805
ID_TI4UHIQK,53.611676287935936
ID_TIAJR827,50.22293547974164
ID_TIXW0KO2,82.99044850320854
ID_TJ17A6JB,23.981190080137015
ID_TJOCME94,25.250687187482995
ID_TK6SOR2N,26.628500212996304
ID_TKMXMD3I,64.92877791138227
ID_TKZ9JMUW,184.29970524712246
ID_TL4NXKK3,35.99212220078144
ID_TLIT2NOE,38.038172953034646
ID_TMN4QI91,35.45786427883746
ID_TN018K71,115.14515075387693
ID_TN63QQGM,96.96039952001055
ID_TODZZUFF,29.14626781502156
ID_TOE3QGSY,63.16903679063165
ID_TOH91SJF,87.20269691962247
ID_TOME1610,155.1368750800687
ID_TOPX035M,46.12777993239166
ID_TP0D6JXT,40.839762076178204
ID_TP376Q9H,98.12046033496006
ID_TPGYBCI9,100.62941851095076
ID_TPV8JKY7,42.31980352505689
ID_TPY61UDR,92.12670307628946
ID_TQ8T75TX,52.66586924446127
ID_TQA6W89B,34.85779052058652
ID_TQX9NF0C,16.634079773447112
ID_TRGIXGI3,24.734748045497696
ID_TRKP3KS0,31.662386629408143
ID_TS0B1L0G,43.68196808803063
ID_TS42UJX8,18.788412520674513
ID_TSD4DIYF,24.972178143981022
ID_TSFQTN9H,51.95685043747594
ID_TSOVW9R7,29.92393217012189
ID_TSXITLP9,25.868554387273974
ID_TT0DQ3YX,30.512877347711648
ID_TV9FYEMD,70.04734072234804
ID_TW09HCPL,55.3592770233746
ID_TW8CXPY9,59.98250622594259
ID_TWIHMCYO,46.285114322640624
ID_TY250CFS,55.51842284083275
ID_TYG7IPI7,41.64367160303594
ID_TYP82LIU,12.363432668353262
ID_TYQVMAY0,26.33494619145804
ID_TZ3DCGU6,38.65448917860894
ID_TZ9965NZ,191.90289955771053
ID_TZZOBGQD,47.92715153185387
ID_U0DG1Z01,27.20470878079912
ID_U0M0UH1O,78.59569631600573
ID_U169RY8W,35.3568660336691
ID_U18E7Q4Q,39.8831815976236
ID_U29NCOOA,57.92269505802497
ID_U2H8YL3H,28.095944312685916
ID_U2IVCLGJ,41.36270726796776
ID_U2KO7S8G,36.6128388281842
ID_U35ZXM6Z,49.501425730038704
ID_U3JR6R22,25.578725857986257
ID_U3RE752H,56.211107065618755
ID_U40EV6M0,51.25531028909242
ID_U4QHA6GY,68.38232338127247
ID_U4XHOMP8,30.256594333156258
ID_U57OFFIG,50.78628594078525
ID_U596WA6I,29.143991417239672
ID_U5JF798J,50.718785877828765
ID_U5NX19YB,35.17233401696702
ID_U76H03L6,33.02655285406101
ID_U7JCSRDL,108.84161232505365
ID_U8JNFPKA,19.54788002313699
ID_U9VTYTFR,80.31547103829155
ID_UAGBHEXY,12.981617496033273
ID_UAJZJJ6S,23.157985146788373
ID_UAKJ0PQB,27.12456843976039
ID_UB3MKL1O,15.963640675395432
ID_UC988RWC,30.835093484235745
ID_UCAPFOJD,13.357694998614832
ID_UCH2K84Q,37.34965220662207
ID_UDCXC3TZ,36.67563129651724
ID_UDGQK2TT,50.205934293045125
ID_UEFAKABV,24.564069307211266
ID_UEYWVXE2,81.83578021644958
ID_UF2YFXX1,31.165873827540604
ID_UFIRXU05,39.77480126880416
ID_UGAG2V8B,139.54395354621428
ID_UGIXINSX,10.389191316185183
ID_UGKETANK,46.92733233179203
ID_UGL6FG60,34.219818344169695
ID_UGOXYURK,39.95024724451042
ID_UH1IS29S,59.04143118930003
ID_UH6A46L5,12.391846120030571
ID_UHCUNUGT,36.7802829472388
ID_UI6CRHL4,56.82729291520896
ID_UI7ZKSF8,175.5755752937814
ID_UI8RQHA9,41.03113603280498
ID_UIXDBP1F,14.008793153515363
ID_UJQ00AVG,31.190872797936585
ID_UK518X4W,52.39331084196623
ID_UL3LZKW5,171.66609949697065
ID_UL5TITK7,39.283595361880714
ID_ULBAP5VW,44.78509059931936
ID_ULVJ9YSS,26.58763945534566
ID_ULVZTGEX,26.109315399465725
ID_ULW0NOX1,87.06487385777311
ID_UM40RW6B,39.142718914455855
ID_UMI3H9XD,49.60890112406587
ID_UMLFZT1V,36.45443549765422
ID_UN1RZCRG,25.99138278341257
ID_UNBTT7M3,25.85424697361285
ID_UNIFZRLT,68.74816343472679
ID_UNIX55L2,17.161838161886024
ID_UNKXMZVQ,75.70222425893795
ID_UNU1GJX1,36.58101689057726
ID_UOQ6AGCK,35.773447191852654
ID_UOXULH6M,23.080685671608773
ID_UP6FIW03,17.67864802425928
ID_UP8JQTCJ,11.928087072298375
ID_UPDC20BO,62.077516087374356
ID_UPDOQ8VH,34.24263813810165
ID_UPOP373V,29.42888325806876
ID_UQF8ZLXV,90.10983262750493
ID_UQYCJHF8,34.55102952613192
ID_UR0583OR,49.8165891452386
ID_US4TX38V,28.696124052191657
ID_USNR43QQ,43.29426105452315
ID_UT17ZPR3,29.982235468956798
ID_UTY8YY6H,80.48972725629444
ID_UTZOE8EX,69.14239968600772
ID_UU75THO8,85.95774426577194
ID_UV1UCXGK,81.86081317802922
ID_UVLFYKDT,28.740817044170473
ID_UVSNX4LQ,61.732855600108266
ID_UVZ3MMZF,54.631097774963706
ID_UW07IORF,32.3751563746544
ID_UWDNK3UX,25.180394807359086
ID_UWK5GHBM,32.805905363551624
ID_UX5DH20U,45.9713943063441
ID_UX5N32TX,31.65464458931007
ID_UX6KQASW,35.089931622637664
ID_UXACL91Q,14.752672343141825
ID_UXN3IWSC,77.14623285375598
ID_UY9CJO1O,10.348439523899906
ID_UYFL09IB,14.764385589191434
ID_UYGXSYZL,32.951145443938785
ID_UYOZSLW6,16.70059962666693
ID_UZ2AP39N,60.585524828253995
ID_UZ57EZHY,25.18862993930338
ID_UZFR21JW,67.91872603809041
ID_UZJ28LT9,11.852240944359195
ID_V0TCDNYD,55.67847253524785
ID_V14876MG,51.30172147236186
ID_V1GDMSFK,18.493023305845398
ID_V24ZH4PQ,77.1934147815879
ID_V2LWP0CR,15.626229618925159
ID_V2MVQRRG,27.25525871727743
ID_V3KULD75,56.82681765213819
ID_V4I5VKPO,50.69176285155156
ID_V5PR34U6,26.05607058268282
ID_V5SZ4NY1,22.14517359657418
ID_V63K0382,13.52215755917043
ID_V69PYYT0,23.767994861863873
ID_V6GRWCWF,46.21506335705155
ID_V6NTE7Y4,51.19536003948109
ID_V76LLCZ2,55.67525086101376
ID_V7OIQ5SN,36.05961868553253
ID_V872NOIH,30.39371394263393
ID_V91Y0JY8,39.42967327114622
ID_VA2SWP9M,33.59943984524016
ID_VAF4PO7W,46.44348051822128
ID_VAZSF9ZQ,31.850911822415494
ID_VBGMNP2O,100.1214604527306
ID_VBHKWQ9L,87.90124738985648
ID_VBQB0X4C,13.887566340038148
ID_VBR3DZ2O,26.38143631234197
ID_VC2PVSM2,26.644665784274622
ID_VC882JCL,24.303615922698476
ID_VC8FSNB1,28.62985934492182
ID_VCFZWJ6F,35.26790518447046
ID_VCYWGLL0,21.901327063326182
ID_VDGWC9BO,34.3258535365034
ID_VDS9G0GT,50.01627191533467
ID_VDW6ERR6,41.52706613839583
ID_VDY0HHZ6,43.10501768987342
ID_VEJC52WY,21.31869083067792
ID_VF7R5PTT,31.55420702873246
ID_VFDBM6G2,75.18220778234856
ID_VFFE8EOE,43.85728713272418
ID_VGCUMAQQ,32.24180031036444
ID_VHQAA0LJ,42.19178611084185
ID_VHSYXWIH,53.07422345957767
ID_VHZXVUJV,135.45058411076315
ID_VI14MD1M,36.853168811391704
ID_VI5SF73K,48.35919473531908
ID_VIES2NT0,61.2574228285201
ID_VIFHKU78,33.03689363707457
ID_VIPVIUGR,91.00869991938761
ID_VIUIEZRP,108.89346286458934
ID_VJOK5XGG,41.117320414149276
ID_VKDR049H,30.461143481712693
ID_VKVYVY3Y,48.705476221080175
ID_VKX88QUM,25.8144655464708
ID_VKY3ZRJT,52.388894452853016
ID_VKZHN5YL,29.264713815407838
ID_VLXVM915,129.94013651840243
ID_VMG2S4EC,162.2795771316932
ID_VMGWHLSM,26.361258357320505
ID_VMJDP1L0,63.73743242638605
ID_VMTG3X7F,95.58740220439577
ID_VN0O98IK,27.616634669621615
ID_VNCD4VVB,102.9924907969864
ID_VO9DIQ9D,28.53775269961395
ID_VP2F3O27,167.85735117535256
ID_VP989PY9,75.68292131123356
ID_VPNOSM68,71.7703512640479
ID_VPOR4X0S,43.66911215665587
ID_VQC1OO0M,39.39268174418414
ID_VQOPFZGO,90.47905986239266
ID_VS2NX9ZF,81.9116737262517
ID_VTPCK1TN,43.47398457523657
ID_VTVNN41R,56.47906201042346
ID_VUFDF7LZ,51.00488660693097
ID_VUPOT7QA,69.46268434305776
ID_VVZ7EPKP,42.14256317062868
ID_VXFME59K,148.06278809246427
ID_VY6Q0MX5,32.457857161826865
ID_VYITNR4W,157.6039588488325
ID_VYYRFPAK,14.72790564613232
ID_W0BE0FCQ,27.80327295135394
ID_W0DKS89M,41.99544579988489
ID_W18GE1S5,22.212604553360883
ID_W1UUI4KI,74.93346533840833
ID_W20NVZGE,78.32944943602766
ID_W245O521,74.82340518374173
ID_W37HG2CD,85.2908402705058
ID_W4FVWMCD,27.70071612174753
ID_W67W2ALI,68.09055960904172
ID_W7B3OZBI,50.89072214982429
ID_W7EYTOMF,185.74316320566703
ID_W7SO67QP,56.164953069087765
ID_W8XH8WKG,63.05185584363723
ID_W8YQIYYB,28.570410274141718
ID_W95CZZ89,49.84253059627077
ID_WA6XYIVF,25.235760269353587
ID_WAHTZC9R,33.117442434370034
ID_WAN1LPJZ,32.34316878757849
ID_WAOPOEKF,50.840888897193814
ID_WAP352PF,30.76633239723055
ID_WBIKW3BG,14.269748896957985
ID_WBVV3Z0U,29.82690286467419
ID_WC9IAE1V,18.12337809296821
ID_WCOZSB5S,89.14372333685643
ID_WE66VR6X,48.54422731985554
ID_WEA40358,43.733256092482684
ID_WEFQ3WKW,67.52123867986366
ID_WENDKYRZ,140.31587992655685
ID_WEQ3MSSX,113.99922143999248
ID_WF4ZLIYE,15.096924697604479
ID_WFT9EJ0H,73.16024448264811
ID_WG0TUEPO,46.72854671976217
ID_WG1LLWBW,20.518330490707037
ID_WG3MFLDZ,38.93963380740203
ID_WG6P64RM,97.13104192626712
ID_WH4ZVN84,90.37704828639848
ID_WII9FP14,108.75612374685059
ID_WIU83XH0,50.23585236082364
ID_WIYAPPNY,51.50712733501795
ID_WJ0FUXG6,134.307301360626
ID_WJLIZ13N,176.62127873692543
ID_WJN2RBTU,49.14077357583287
ID_WK61GFH5,9.33993293094715
ID_WKT8LT8Q,60.952752478279955
ID_WLGV2XJA,74.73967469500171
ID_WLIAB95W,26.224385143885012
ID_WLQ1JWT9,37.872208851960764
ID_WM99MEHP,76.40498368068856
ID_WMGD2YXS,32.95567264698958
ID_WO2JNY80,28.32542460321599
ID_WO9R6GCN,71.24827504365012
ID_WOE962ZD,28.76349923839555
ID_WQ9EIXG1,30.368469451371062
ID_WQEFFPF3,43.017160016679505
ID_WQMW9BYP,55.28010292476298
ID_WR86RYZM,67.69904085390141
ID_WRPLJ47V,16.24325574193398
ID_WS3VWGA8,14.450953843829431
ID_WS4YDWZU,134.75335378104216
ID_WTI8167S,23.299766378971576
ID_WWHP44KQ,29.574925204477466
ID_WWNWRE54,29.716964022662978
ID_WWPPUPFB,28.11719714974105
ID_WXMTHJIA,166.76032602930658
ID_WXVLNSDK,66.39799269574938
ID_WXW42KOY,32.04164928557665
ID_WXXIARQM,52.11202110194566
ID_WYIR6ZBJ,128.97525396397722
ID_WYJ0M8EY,40.65825418033933
ID_WYK1NJI6,34.229195212932765
ID_WYXL5MLS,79.74656385587738
ID_WZ1YX4PV,70.91540704190342
ID_WZACGW2X,36.26344646987201
ID_WZERKZWJ,23.138046552557547
ID_WZHVNDOE,23.155225423130783
ID_WZN8Y3E4,63.09807319800205
ID_WZTHUYIL,25.759131893972295
ID_X06UVRRG,55.671105156365115
ID_X0AH9DV0,93.06766518774708
ID_X0CORQLB,85.96003574498609
ID_X0D2TXAZ,15.756960822824631
ID_X0DQJPKA,92.18240769457776
ID_X0GCNXXI,32.75559339724671
ID_X0PQLTXL,42.575073825611135
ID_X3OAQB5S,81.58854377588337
ID_X3P6SKUJ,20.963561125052273
ID_X4YQ6F5A,110.89156833998643
ID_X56CBJTL,83.44885002604528
ID_X5CMNU7Y,50.99894684796641
ID_X66493F9,45.42505494423027
ID_X6Z2WA5S,117.88285867709735
ID_X711VRVL,31.08702279406921
ID_X7SR80S8,28.72298661877629
ID_X8VFLUKH,57.88023791923244
ID_X9GQJIQG,34.20497580755486
ID_X9GX200C,45.0800457873248
ID_XA6U6DJ0,36.50476669031906
ID_XAMMDO68,30.548258307944693
ID_XB7LHVI6,32.1270432845303
ID_XB9WCLKZ,8.640099823279265
ID_XBP8YZBI,19.35167087168979
ID_XCJ4FKJB,61.66783910521616
ID_XDPTAV4N,86.55730610955263
ID_XDU7QOT7,35.79700005108972
ID_XEGT3AOB,77.68379349205689
ID_XFN62BS0,74.88146585358638
ID_XFR2PSRB,44.34265332509811
ID_XFVPO32X,32.94071281947113
ID_XG6UMPVK,53.01390076366396
ID_XGHJ58NC,59.09135447253365
ID_XGLWCSYN,54.67142234173112
ID_XGM17RVC,65.44020638711184
ID_XH5FF3RF,27.645160759831196
ID_XH8EVSZX,96.14721822298111
ID_XHAUPKAU,67.57675349773646
ID_XHL6S87P,45.324901994548895
ID_XHQ83KA7,73.15815372114618
ID_XHTWUO7X,59.41898564472956
ID_XI8DOXD7,100.12397736059071
ID_XI9NUYXE,97.66471202550346
ID_XIEQLS91,31.972835726584968
ID_XIS2XWTA,16.605980402291642
ID_XJV85Y1O,99.14604417308144
ID_XK46LVWE,16.344327806782502
ID_XK6TTP8A,17.813394442288683
ID_XKT1VI0B,44.78804919910555
ID_XLA12QE3,28.220757195819285
ID_XLXHSQLN,113.46693159500683
ID_XMFAXQD1,62.1151717810975
ID_XMXO4NN9,49.797946303732054
ID_XN0ZAQQB,33.869592959182384
ID_XN10SXZD,67.34282677999558
ID_XN3O8HZP,56.19761288633421
ID_XN9WTBY1,13.1602490516048
ID_XNC9WTAC,39.47795542988338
ID_XNSXFWTS,58.90765900407316
ID_XNXFWQ3B,43.210694537371076
ID_XO693RV7,151.72808454543318
ID_XO8E1HMR,27.701090646096468
ID_XOA9MCB7,34.07926167942871
ID_XOM33LIP,18.906392796932685
ID_XPNODY9F,34.841384267090405
ID_XPTE0EFB,45.88851061568185
ID_XQBSMX26,37.80353917728349
ID_XRBCNYVO,22.259122067104908
ID_XRUAG2MR,24.256881946794078
ID_XSD9FU0Q,99.55680741259295
ID_XT499ZPA,59.24102107498853
ID_XTH8V84D,16.90118994310781
ID_XTNBFQEN,24.22932231819164
ID_XURNYXYJ,47.58615247760537
ID_XUZ7R909,37.96059327993252
ID_XV1O3SZP,18.05762840529541
ID_XWBKJNWL,35.291191987583716
ID_XWNNPUEK,47.572043998156964
ID_XWW0JED0,62.179092464538336
ID_XWZRUC69,125.47810983881128
ID_XX76LLU0,60.16792434863199
ID_XXAFJ1FJ,69.68256124581018
ID_XXDE7DBK,88.50040476138281
ID_XXLJ4R3I,86.33129894808519
ID_XXVOY8SL,40.283762134784624
ID_XY84705D,64.96968770300835
ID_XZ3KH3B9,67.87275590567032
ID_XZJCIO6E,49.76235867179502
ID_Y00W71M7,27.640258483312902
ID_Y0487A3A,60.18685294811066
ID_Y0MOLTLU,76.46543070138144
ID_Y1KU7LVP,44.223996907068994
ID_Y1WE5C7I,19.77530013450071
ID_Y38L9OQW,78.10218353753606
ID_Y3PDJN10,32.10612554224873
ID_Y3R1R4G9,32.02617863776339
ID_Y3YY9PD9,60.13673961481816
ID_Y4B2IINR,53.125191545505814
ID_Y4COKX6H,49.160489543152906
ID_Y4R23WBK,54.96698533972783
ID_Y5434OPF,33.623818951084644
ID_Y5T1VF0B,52.272600947977914
ID_Y68HHW23,48.694995398059845
ID_Y6PXBHCX,75.64630677089104
ID_Y6UUM6AM,21.311170835989373
ID_Y7CGJ1MO,45.578222388963
ID_Y7QSF5GO,62.58396691413182
ID_Y7W2D499,17.773870075739453
ID_Y8TDOIKJ,65.51366481118572
ID_Y8TRY5WH,11.851812484866876
ID_YAMTZNQH,44.501713722189926
ID_YB1MYEK0,44.534547037468236
ID_YCZTZCR5,169.60990373147214
ID_YD98J4RF,25.060597696793742
ID_YDIET5J9,29.011524074236924
ID_YEE23SAQ,18.38931707065902
ID_YEEHCSMV,16.146862892123764
ID_YF20HJGN,53.51867256616727
ID_YFKTHT8Z,102.37676187668944
ID_YG3OU6H4,70.89447974116563
ID_YH7KCK4C,40.20853696205035
ID_YHK49VN6,51.6175506948865
ID_YHY1ULWA,79.19524885098879
ID_YI5ZJMCT,28.052567649548394
ID_YIKMQ4II,54.57970218008015
ID_YK1U1JRH,46.419836267577175
ID_YL8TNDS9,213.13780061766906
ID_YLIL8GZC,28.23872398137849
ID_YMUWWF6Q,61.01676185777243
ID_YMV281RB,60.75935133021349
ID_YMVTMVKN,43.53855805188983
ID_YN5PUWAS,27.841872002535478
ID_YOOBGDSC,46.64016767248873
ID_YOSC9EZL,69.88780646410534
ID_YOZ014I0,25.25092337546649
ID_YP8G7BFM,41.12220521710066
ID_YPR8XDW6,32.77975240485567
ID_YQRCWQKI,22.873656582458825
ID_YRSQEMKB,44.32302692596945
ID_YRWXJ41M,15.574254929687427
ID_YRZB8WOV,44.1628339354292
ID_YSL8HNP1,30.08751311882127
ID_YT30PPJS,51.05016297211051
ID_YTT2V73Z,27.797306486774428
ID_YU1LOQV6,28.02794133888122
ID_YUBSKFU8,119.29932905502436
ID_YUR9ZSFF,35.18847473292385
ID_YX9GJHDS,35.088476129807766
ID_YXEAP58E,99.34728194397024
ID_YXF7LKGM,30.671818205847742
ID_YXMQ5AA8,84.58564209910381
ID_YXOEZFNN,94.20821804337626
ID_YZ2Q9OYZ,14.683955326724053
ID_YZDFSD0Q,32.93765538341546
ID_YZFQDD31,12.77988961528149
ID_Z02A2D53,75.95340293478698
ID_Z0ZGQHWF,29.001939108254863
ID_Z27DSJY6,220.2831014887927
ID_Z2ZT26AD,27.643403648178584
ID_Z3BCB9X4,38.31961878863206
ID_Z3IP0ZLK,22.777732347562825
ID_Z43DT1LN,43.210814392899664
ID_Z4JYFER0,9.518429793337518
ID_Z5C82U6O,35.866163766591235
ID_Z5D1D35G,41.43300671396242
ID_Z5PEPOKB,65.12857398198744
ID_Z5ZUHU4P,28.008870513885014
ID_Z75WBAQI,70.23004302625263
ID_Z7CFACKK,70.13814830502307
ID_Z7V9553N,77.9020287176692
ID_Z7XI5QVJ,56.20233362045178
ID_Z82TO37X,100.93338023625067
ID_Z89TZWUH,46.6337700825624
ID_Z9JJRRCZ,52.943490685321954
ID_Z9O38O8M,35.69725058805719
ID_Z9UNHEUX,44.06154645285325
ID_ZAVTZWH3,87.54894839139908
ID_ZBTF50A5,14.082281664808626
ID_ZCP19T2A,28.16890648840225
ID_ZDDS43VE,83.49561868561604
ID_ZDNXATA4,31.64334275610074
ID_ZE76EQO9,31.09499129250052
ID_ZEK37ZLB,36.36842921016431
ID_ZEROD0EB,136.71256988956895
ID_ZEYUVQW5,44.25158617022602
ID_ZEZ3FQVD,24.889317134497897
ID_ZFESAJDO,2.7487146574691437
ID_ZFK5RD2K,52.34032313512465
ID_ZGABDOAV,57.555902110961995
ID_ZGCN4FH1,23.76438352167056
ID_ZGHLOUW6,35.62688700255441
ID_ZHZJT77T,40.22435367794387
ID_ZI7E3MDH,84.29208207596453
ID_ZIGL64ZT,128.555417708766
ID_ZILPVPDQ,137.00028304431328
ID_ZJPAB8D5,32.73039630246494
ID_ZJSUGAW6,59.67185474740016
ID_ZKCCJDDP,199.4304495709892
ID_ZKDYAUIK,70.97787792277474
ID_ZL5Q69OO,78.30208020021902
ID_ZLHVXQ4N,26.994555192255486
ID_ZMYQZVU9,34.048208249335104
ID_ZNTDH93N,48.82712642777714
ID_ZNU4C9HS,29.228735973640244
ID_ZOFF0W3M,50.582355254145355
ID_ZOP4AV6K,32.67523366566296
ID_ZOU0PRJ7,58.95473103093795
ID_ZPHWK76G,56.88432691746983
ID_ZPYMRYLS,31.352515639729436
ID_ZRLTYK1F,58.114426318800135
ID_ZSM7M7XK,25.47392355377946
ID_ZTP1R39M,28.928262148323793
ID_ZU9F3J8T,40.52484251945176
ID_ZUTMO4UV,67.78339230573921
ID_ZVL1ZTMB,55.880591748413764
ID_ZW2WKRVB,60.4562943679221
ID_ZW5RSNUS,28.62480135122233
ID_ZWCI817N,89.42388880471601
ID_ZX5858FJ,41.01109532940908
ID_ZY4XOL2H,274.91902929482524
ID_ZYTEVEBR,100.19202484300811
